transcription_text,start,stop,path
ก็ อีก สี่ งวด ที่ เก้า งวด นี้ หนึ่ง งวด แล้ว ก็ อีก สาม งวด ปิด บัญชี เลย พี่ เนาะ ทั้งหมด นะ ครับ พี่,59.4,63.99,\\192.168.1.70\Data1\Logger\ACU\AEON_COLLECTION\20180600_COLNS_01/2018/06/07/14/52303_c22c2bdc5b903de-50101001528355428-0.wav
ถ้า ปิด บัญชี แล้ว ก็ หมด แล้ว พี่ เนาะ,35.2,36.99,\\192.168.1.70\Data1\Logger\ACU\AEON_COLLECTION\20180600_COLNS_01/2018/06/07/14/52303_c22c2bdc5b903de-50101001528355428-0.wav
พี่ ครับ ของ พี่ เหลือ อีก ประมาณ สี่ งวด ปิด บัญชี แล้ว เนาะ พี่ เนาะ จะ ปิดบัญชี แหละ พี่,29.15,33.24,\\192.168.1.70\Data1\Logger\ACU\AEON_COLLECTION\20180600_COLNS_01/2018/06/07/14/52303_c22c2bdc5b903de-50101001528355428-0.wav
มี ไป เนี่ย เดี๋ยว พี่ หา เพิ่ม อาทิตย์ ก็ อยาก จะ ปิด บัญชี และ แปด พัน นี่ พี่ ก็ ยัง พี่ ป่วย ด้วย ไง คือ ออก จาก โรงพยาบาล,93.85,99.54,\\192.168.1.70\Data1\Logger\ACU\AEON_COLLECTION\20180600_COLNS_01/2018/06/07/13/52320_11e5f59f57178f8-50101001528351572-0.wav
เพราะ ว่า อยู่ เรา ปิด บัญชี วัน ที่ สิบห้า ครับผม อาทิตย์ นะ,139.4,142.39,\\192.168.1.70\Data1\Logger\ACU\AEON_COLLECTION\20180600_COLNS_01/2018/06/07/10/52306_2b7f5cc15ad91d2-50101001528343272-0.wav
คือ พี่ จะ จ่าย วัน ปิดบัญชี ผม ยัง ไม่ ว่าง เลย,180,182.54,\\192.168.1.70\Data1\Logger\ACU\AEON_COLLECTION\20180600_COLNS_01/2018/06/07/10/52304_6b7b5fb7fc600ef-50101001528341196-0.wav
จริง อ่ะ ถ้า ถ้า เลท ไป จน ถึง ใกล้ ปิด บัญชี อ่ะ,123.2,126.49,\\192.168.1.70\Data1\Logger\ACU\AEON_COLLECTION\20180600_COLNS_01/2018/06/07/10/52304_6b7b5fb7fc600ef-50101001528341196-0.wav
ผม ปิดบัญชี ก่อนสัก อ่า วัน,67.09,69.39,\\192.168.1.70\Data1\Logger\ACU\AEON_COLLECTION\20180600_COLNS_01/2018/06/07/08/52306_b837832c7a98ae6-50101001528335509-0.wav
ผม ไม่ ได้ ปิด บัญชี สิ้น เดือน ปิด,65.28,66.75,\\192.168.1.70\Data1\Logger\ACU\AEON_COLLECTION\20180600_COLNS_01/2018/06/07/08/52306_b837832c7a98ae6-50101001528335509-0.wav
อ่า ไอ้ส่วนยอดทองพี่ อ่าจะปิดบัญชีได้แล้วเนาะ ยอด เหลือแค่หมื่นเดียว เนาะพี่เนาะ,41.45,45.94,\\192.168.1.70\Data1\Logger\ACU\AEON_COLLECTION\20180600_COLNS_01/2018/06/06/17/52303_3a8ccdb4890ccf5-50101001528281719-0.wav
ก็ คือ ปิด บัญชี เลย ครับ เดือน นี้ ก็ ไม่ มี แล้ว เดือน หน้า ก็ ไม่ มี เรียก เก็บ หมด นะ ครับ,89.85,94.29,\\192.168.1.70\Data1\Logger\ACU\AEON_COLLECTION\20180600_COLNS_01/2018/06/06/15/52316_deceef7eebbb93b-50101001528273479-0.wav
ได้ ค่ะ มัน ได้ มัน จะ ปิด บัญชี เลย,136.05,138.59,\\192.168.1.70\Data1\Logger\ACU\AEON_COLLECTION\20180600_COLNS_01/2018/06/06/15/52314_2b8c80f8d4e52a5-50101001528275509-0.wav
ถ้า เรา ต้อง ปิด บัญชี ก็ ต้อง ปิด เท่าไหร่ เงี้ย,42.4,44.69,\\192.168.1.70\Data1\Logger\ACU\AEON_COLLECTION\20180600_COLNS_01/2018/06/05/17/52312_69f50398f1ab547-50101001528194636-0.wav
อัน นี้ ก็ คือ มี มี โครงการ ที่ จะ ปิด บัญชี เลย หรือ ว่า ยังไง คะ,116.35,119.64,\\192.168.1.70\Data1\Logger\ACU\AEON_COLLECTION\20180600_COLNS_01/2018/06/05/17/52312_69f50398f1ab547-50101001528194636-0.wav
หมาย หมายถึง จะ เอา ยอด ปิด บัญชี เลย หรือ ว่า ยอด อะไร คะ พี่,38.9,41.89,\\192.168.1.70\Data1\Logger\ACU\AEON_COLLECTION\20180600_COLNS_01/2018/06/05/17/52312_69f50398f1ab547-50101001528194636-0.wav
ไม่ใช่ ครับ เขา คง ปิด บัญชี ตั้งแต่ เดือน ไหน ไม่ รู้ พนักงาน คำนวณ ให้ เขา,157.9,162.39,\\192.168.1.70\Data1\Logger\ACU\AEON_COLLECTION\20180600_COLNS_01/2018/06/05/17/52311_2ef3e60b7084ad2-50101001528193222-0.wav
ถ้า ยี่สิบ เลย พี่ ไป เป็น ปิดบัญชี แก มัน กลัว ผม กลัว ไม่ ทัน นี่ ยี่สิบ อ่ะ,214.8,218.94,\\192.168.1.70\Data1\Logger\ACU\AEON_COLLECTION\20180600_COLNS_01/2018/06/05/16/52303_e18c0e46eb2cdb8-50101001528192674-0.wav
อาจ จะ จ่าย เป็น งวด นึง ปิด บัญชี เดือน ต่อ ไป ก็ ได้,129.65,132.59,\\192.168.1.70\Data1\Logger\ACU\AEON_COLLECTION\20180600_COLNS_01/2018/06/05/16/52303_91e172520be106f-50101001528192050-0.wav
ก็ อ๋อ อ่า จ่าย ทั้ง สอง สาม เดือน แล้ว ครับ ปิด บัญชี เลย หรือ ไม่ ก็,124.6,129.59,\\192.168.1.70\Data1\Logger\ACU\AEON_COLLECTION\20180600_COLNS_01/2018/06/05/16/52303_91e172520be106f-50101001528192050-0.wav
ถ้า ก่อน น่ะ แล้ว ก็ บริษัทอิออน ณ เวลา ปิดบัญชี ลด ให้ เยอะ นะ แต่ว่า เดี๋ยวนี้ พอดี ซึ่ง แบบ บางที แตก หลาย หลายอย่าง บริษัท เบี้ย ปรับ,62.75,69.89,\\192.168.1.70\Data1\Logger\ACU\AEON_COLLECTION\20180600_COLNS_01/2018/06/05/16/52303_91e172520be106f-50101001528192050-0.wav
ครับผม ต่าง ไป ก่อน ก็ ได้ ครับ เพราะ ปิดบัญชี ส่วนลด มาก กว่า,47.8,51.14,\\192.168.1.70\Data1\Logger\ACU\AEON_COLLECTION\20180600_COLNS_01/2018/06/05/16/52303_91e172520be106f-50101001528192050-0.wav
อ่า เป็น ช่วง เย็น ก็ ได้ ครับ พี่ ห้า โมง เย็น อะไร ประมาณ นี้ นะ ครับผม จะ ได้ ปิด บัญชี รอบ เดือน นี้ หรือ ยัง,105.05,109.84,\\192.168.1.70\Data1\Logger\ACU\AEON_COLLECTION\20180600_COLNS_01/2018/06/05/15/52314_7973e06c26540b9-50101001528185784-0.wav
ถ้า ลูกค้า ได้ รับ รายรับ ใน ส่วน นั้น เนี่ย ดิฉัน แนะนำ ให้ ติดต่อ กลับ มา แล้ว ก็ สอบถาม ยอด ปิด บัญชี อีกครั้ง นึง ดี กว่า,175.92,182.14,\\192.168.1.70\Data1\Logger\ACU\AEON_COLLECTION\20180600_COLNS_01/2018/06/05/14/52305_e21b4728262de93-50101001528184809-0.wav
ค่ะ ขอโทษ ที่ ให้ถือ สาย รอ ค่ะ ถ้า ลูกค้า จะ ชำระ ปิด บัญชี ทั้งหมด,102.6,106.44,\\192.168.1.70\Data1\Logger\ACU\AEON_COLLECTION\20180600_COLNS_01/2018/06/05/14/52305_e21b4728262de93-50101001528184809-0.wav
อ๋อ ถ้า ยอด ปัจจุบัน เช็ก ได้ ค่ะ แต่ ถ้า ปิด บัญชี ทั้งหมด อ่ะ ค่ะ ก็ คือ ต้อง เช็ก วัน ต่อ วัน เลย,115.15,120.54,\\192.168.1.70\Data1\Logger\ACU\AEON_COLLECTION\20180600_COLNS_01/2018/06/05/12/52317_ecdc4fd5c8a883d-50101001528177982-0.wav
ก็ คือ ยอดนี้ ปิด บัญชี ณ วัน ที่ แปด นะ คะ,174.65,176.89,\\192.168.1.70\Data1\Logger\ACU\AEON_COLLECTION\20180600_COLNS_01/2018/06/05/11/52319_c3844a463c19ea5-50101001528174006-0.wav
สาม ร้อย สามร้อย แล้วก็ใกล้ใกล้ปิดบัญชีอีกทีนึง จบ,210.96,214.29,\\192.168.1.70\Data1\Logger\ACU\AEON_COLLECTION\20180600_COLNS_01/2018/06/05/11/52304_23fc39b007ce822-50101001528173124-0.wav
ลูก ลูก ห้า นี่ เขา จะ ปิดบัญชี เผื่อ คุณ นะ เดี๋ยว ผม จะ หา ว่า เรา คุย กับ พี่ เค้า แล้ว ก็ เก็บ เงิน สาม หมื่น กว่า ไง เผื่อ เจอ แก,76,84.79,\\192.168.1.70\Data1\Logger\ACU\AEON_COLLECTION\20180600_COLNS_01/2018/06/05/11/52302_c09f8d013f8040d-50101001528172826-0.wav
เขา จะ เหมือน ว่า เขา จะ ปิด บัญชี อยู่ เค้า จะ แฟกซ์,56.8,59.94,\\192.168.1.70\Data1\Logger\ACU\AEON_COLLECTION\20180600_COLNS_01/2018/06/05/11/52302_31f27df0e2241bc-50101001528172734-0.wav
ล้างล้าง ไอ้ ปิดบัญชี ที่ เรา ค้าง อยู่ เนี่ย ทั้งหมดเลยแล้วก็,148.7,152.19,\\192.168.1.70\Data1\Logger\ACU\AEON_COLLECTION\20180600_COLNS_01/2018/06/05/10/52317_b25be5e5a23ef3a-50101001528168774-0.wav
ทั้งหมด เลย นะ คะ หมายถึง จะ ปิด บัญชี ใช่ ไหม คะ,27.2,30.24,\\192.168.1.70\Data1\Logger\ACU\AEON_COLLECTION\20180600_COLNS_01/2018/06/05/10/52317_b25be5e5a23ef3a-50101001528168774-0.wav
อ่า จะ ปิด บัญชี หรือ ว่า ยังไง คะ คุณ พี่,20.05,22.89,\\192.168.1.70\Data1\Logger\ACU\AEON_COLLECTION\20180600_COLNS_01/2018/06/05/10/52317_b25be5e5a23ef3a-50101001528168774-0.wav
ก็ จะ จัด ทำ ให้ ประวัติ เป็น ปกติ เขา ก็ ต้อง เข้า บ้าน เค้า เปลี่ยน กะ เค้า จะ ปิด บัญชี นี่ พี่ ก็ ต้อง ขึ้น อยู่ กับ ใคร ได้ ไหม พี่,136,151.77,\\192.168.1.70\Data1\Logger\ACU\AEON_COLLECTION\20180600_COLNS_01/2018/06/05/10/52315_6756b6acbe0537d-50101001528168114-0.wav
โหล หรือ ปิดบัญชี ภายใน สี่ เลย ได้,276.35,278.99,\\192.168.1.70\Data1\Logger\ACU\AEON_COLLECTION\20180600_COLNS_01/2018/06/05/10/52315_6756b6acbe0537d-50101001528168114-0.wav
เฉพาะ ที่ ค้าง ใช่ มั้ย คะ ไม่ ใช่ ปิด บัญชี ใช่ ไหม คะ,56.25,58.79,\\192.168.1.70\Data1\Logger\ACU\AEON_COLLECTION\20180600_COLNS_01/2018/06/05/10/52310_7068abf59081a7f-50101001528168691-0.wav
ค่ะ เอ่อ พี่ %name(ศุภลักษณ์)% ขอโทษ ที่ให้ถือ สาย รอ ค่ะ เดี๋ยว ดิฉัน เอ่อ เช็ค ยอด ปิด บัญชี ให้ เดี๋ยว ภายใน ห้า นาที ติดต่อ เข้า ไป แจ้ง นะ คะ,112.3,119.19,\\192.168.1.70\Data1\Logger\ACU\AEON_COLLECTION\20180600_COLNS_01/2018/06/05/10/52305_2c89ec24a88643b-50101001528168255-0.wav
อ๋อ ก็ คือ ลูกค้า จะ ปิด บัญชี เหรอ คะ พี่,58.7,61.07,\\192.168.1.70\Data1\Logger\ACU\AEON_COLLECTION\20180600_COLNS_01/2018/06/05/10/52305_2c89ec24a88643b-50101001528168255-0.wav
ก็ คือ ตรง นี้ จะ ต้องการ ปิด บัญชี ของ ค่า งวด,38.9,42.39,\\192.168.1.70\Data1\Logger\ACU\AEON_COLLECTION\20180600_COLNS_01/2018/06/05/08/52307_d9e0941f014c2e9-50101001528161763-0.wav
ผม ก็ ไป ปิด บัญชี แล้ว เดือน นี้ ดอกเบี้ย เท่าไหร่ แล้ว เดี๋ยว เดี๋ยว โอเค,69.9,73.64,\\192.168.1.70\Data1\Logger\ACU\AEON_COLLECTION\20180600_COLNS_01/2018/06/04/16/52307_1d6489ba3a2921d-50101001528106105-0.wav
ไอ้ ยอด สาม พัน สอง อ่ะ เดี๋ยว ปรับ ใกล้ ใกล้ ปิด บัญชี ก็ ได้ ก็ คือ ผม ให้ พี่ ได้ ถึง สิบแปด เลย แหละ,141.65,146.44,\\192.168.1.70\Data1\Logger\ACU\AEON_COLLECTION\20180600_COLNS_01/2018/06/04/16/52304_b0d58dd424c9928-50101001528103532-0.wav
สวัสดี ค่ะ %agent(ชนิภา)% จาก collection ขอนแก่น ค่ะ รบกวน ลูกค้า ท่าน นึง ขอ check ยอด ปิด บัญชี ค่ะ,2.25,6.44,\\192.168.1.70\Data1\Logger\ACU\AEON_COLLECTION\20180600_COLNS_01/2018/06/04/12/52319_1792b6290e8df0a-50101001528089163-0.wav
ติดต่อ เรื่อง ยอด ปิด บัญชี เหรอ คะ,29.35,31.64,\\192.168.1.70\Data1\Logger\ACU\AEON_COLLECTION\20180600_COLNS_01/2018/06/04/12/52319_1792b6290e8df0a-50101001528089163-0.wav
เพราะว่ายัง คิด จะ จ่าย อยู่ เพราะ ว่า ใน บัญชี ก็ ดู ได้ นะ คะ ว่า เคย ปิด บัญชี ด้วย,106.1,111.14,\\192.168.1.70\Data1\Logger\ACU\AEON_COLLECTION\20180600_COLNS_01/2018/06/04/12/52310_170c345a6b80c34-50101001528089749-0.wav
ผม จะ ได้ปิด บัญชี รอบ เดือน นี้ ให้ เลย นะ ครับ เพราะ ว่า,119.02,121.31,\\192.168.1.70\Data1\Logger\ACU\AEON_COLLECTION\20180600_COLNS_01/2018/06/04/10/52314_ae2489b0c128766-50101001528083550-0.wav
ตัวเอง พี่ พี่ จะ ประสาน อย่างงี้ ใจ พี่ อยาก จะ ปิด บัญชี พี่ จะ ให้ ทำ เรื่อง นี่พี่ ต้อง ไป ยื่น ที่ไหน ยังไง,79.55,85.39,\\192.168.1.70\Data1\Logger\ACU\AEON_COLLECTION\20180600_COLNS_01/2018/06/04/09/52302_3fa47184ef937a9-50101001528079140-0.wav
ถ้า จะ ปิด บัญชี นะ ครับ พี่ ต้อง เขียน คำ ร้อง เข้า มา แล้ว ก็ แฟกซ์,92.85,96.52,\\192.168.1.70\Data1\Logger\ACU\AEON_COLLECTION\20180600_COLNS_01/2018/06/04/09/52302_3fa47184ef937a9-50101001528079140-0.wav
ได้ ได้ พี่ ขอบคุณ มากมาก ครับ จะ ได้ ปิด บัญชี ให้เลย ครับ สวัสดี ครับ,108.85,112.34,\\192.168.1.70\Data1\Logger\ACU\AEON_COLLECTION\20180600_COLNS_01/2018/06/04/08/52314_1841496866e6e34-50101001528077159-0.wav
นะ คะ ตรง นี้ %agent(แสงเดือน)% จะ ขอ อนุญาต สอบถาม ว่า คุณ %name(สิริรัตน์)% เอง เนี่ย จะ ปิด บัญชี หรือ ว่า จะ จ่าย แค่ หนึ่ง งวด คะ,33.09,38.12,\\192.168.1.70\Data1\Logger\ACU\AEON_COLLECTION\20180608_COLBKK_TESTSET/20180608/ch-138-20238001528354222-29367.wav
ค่ะ คุณ ลูกค้า จะ ขอ เช็ก ยอด ปิด บัญชี อ่ะ ค่ะ ใน ส่วน ของ ตอง หก แอล อ่ะ ค่ะ,41.15,45.01,\\192.168.1.70\Data1\Logger\ACU\AEON_COLLECTION\20180600_COLNS_01/2018/06/01/14/52314_f0f0a58995dc6ab-50101001527836876-0.wav
ลูกค้า จะ ปิด บัญชี วันนี้ เลย ขอ อนุญาต โอน สาย ครับ,31.12,32.99,\\192.168.1.70\Data1\Logger\ACU\AEON_COLLECTION\20180600_COLNS_01/2018/06/01/14/52314_f0f0a58995dc6ab-50101001527836876-0.wav
สวัสดี ครับ %agent(ณรงกร)% จาก ศูนย์ ลูกค้า สัมพันธ์ นะ ครับ ลูกค้า ติดต่อ ต้องการ จะ ชำระ ปิด บัญชี ที่ ยอด ของ ปรับปรุง โครงสร้าง หนี้ ไว้ ครับผม,2.55,8.6,\\192.168.1.70\Data1\Logger\ACU\AEON_COLLECTION\20180600_COLNS_01/2018/06/01/14/52314_f0f0a58995dc6ab-50101001527836876-0.wav
ใช่ ใช่ พี่ ใช่ ครับ ปิด บัญชี เป็น ศูนย์ เลย ครับ,104.97,107.64,\\192.168.1.70\Data1\Logger\ACU\AEON_COLLECTION\20180600_COLNS_01/2018/06/01/14/52314_f0f0a58995dc6ab-50101001527836876-0.wav
อ๋อ คือ ว่า จะ ปิด บัญชี ใช่ ไหม ครับ,45.25,47.74,\\192.168.1.70\Data1\Logger\ACU\AEON_COLLECTION\20180600_COLNS_01/2018/06/01/14/52314_f0f0a58995dc6ab-50101001527836876-0.wav
ปิดบัญชี ลูกค้า มี ตัวเงิน ปิด บัญชี อยู่ ใช่ มั้ย คะ ตอน นี้ คือ ถ้าให้ แนะนำ ดิฉัน แนะนำ ให้ ปิด บัตร ยัวร์แคช น่ะ,46.45,52.89,\\192.168.1.70\Data1\Logger\ACU\AEON_COLLECTION\20180600_COLNS_01/2018/06/01/14/52311_eb85b4f6234983f-50101001527836843-0.wav
พี่ คะ ถ้า เกิด ว่า หนู จะ ปิด บัญชี,39.19,42.09,\\192.168.1.70\Data1\Logger\ACU\AEON_COLLECTION\20180600_COLNS_01/2018/06/01/14/52311_eb85b4f6234983f-50101001527836843-0.wav
จะ ได้ ปิด บัญชี รอบนี้ ให้ เลย นะ ครับ เก้า ร้อย สาม สิบ เจ็ด บาท นะ ครับ,57.7,60.92,\\192.168.1.70\Data1\Logger\ACU\AEON_COLLECTION\20180600_COLNS_01/2018/06/01/10/52314_3e5837337209b0f-50101001527822206-0.wav
เวลา ปิดบัญชี ปุ๊บ,199.95,201.24,\\192.168.1.70\Data1\Logger\ACU\AEON_COLLECTION\20180600_COLNS_01/2018/06/01/10/52306_a56f72065d3ec1c-50101001527822057-0.wav
คือ ว่า การ ปิด บัญชี มัน จะ เป็น อย่าง งี้ ครับ เนาะ,188.9,191.39,\\192.168.1.70\Data1\Logger\ACU\AEON_COLLECTION\20180600_COLNS_01/2018/06/01/10/52306_a56f72065d3ec1c-50101001527822057-0.wav
แต่ แต่ ลูกค้า ผม รบกวน แจ้ง ลูกค้า นิดนึง เนาะ การ ปิด บัญชี ของ ทุก สถาบัน การเงิน อ่ะ นะ,168.49,173.64,\\192.168.1.70\Data1\Logger\ACU\AEON_COLLECTION\20180600_COLNS_01/2018/06/01/10/52306_a56f72065d3ec1c-50101001527822057-0.wav
ได้ ได้ ค่ะ ก็ แต่ว่า แต่ แต่ว่า ก็ คือ เท่ากับ ว่า ยัง ไม่ ปิด บัญชี เนาะ,47.29,50.91,\\192.168.1.70\Data1\Logger\ACU\AEON_COLLECTION\20180600_COLNS_01/2018/06/01/09/52318_2f1497f14aca116-50101001527820023-0.wav
จ่าย ปุ๊บ ก็ ปิด บัญชี จบ,47.57,48.94,\\192.168.1.70\Data1\Logger\ACU\AEON_COLLECTION\20180600_COLNS_01/2018/06/01/09/52314_531dd7750e54546-50101001527820671-0.wav
ผม ไม่ มี อำนาจ ใน การ ตัดสิน ใจ ครับ คือ ว่า ลูกค้า ต้อง ทำ เรื่อง ปิด บัญชี มา ก่อน แล้ว ผม ก็ จะ แฟกซ์เอกสาร ไป ที่ สำนักงาน ใหญ่ เขา อ่ะ ครับ,74.64,80.94,\\192.168.1.70\Data1\Logger\ACU\AEON_COLLECTION\20180600_COLNS_01/2018/06/01/09/52303_85c9c890e37f6b5-50101001527820405-0.wav
ใช่ ถูกต้อง ครับ ถูกต้อง ครับ ครับ แล้ว ก็ พัก หนึ่ง เดือน ก่อน หลัง จาก นั้น เริ่ม ส่ง ไป อ่าส่ง ไป สัก งวด สอง งวด ก่อน ครับ แล้ว ก็ เดี๋ยว ปิดบัญชี ก็,60.7,69.09,\\192.168.1.70\Data1\Logger\ACU\AEON_COLLECTION\20180600_COLNS_01/2018/06/01/09/52303_85c9c890e37f6b5-50101001527820405-0.wav
ตรง นี้ คือ ประวัติ ของ คุณ ลูกค้า นี่ นะ ตรง นี้ คือ ปิด บัญชี ค้าง ไง คะ,317,320.44,\\192.168.1.70\Data1\Logger\ACU\AEON_COLLECTION\20180608_COLBKK_TESTSET/20180608/ch-130-40230001528366560-348623.wav
พอดี โทร มา แจ้ง ใน ส่วน ของ ที่ ลูกค้า ส่ง เรื่อง ปิด บัญชี เข้า มา นะ คะ,15.1,19.21,\\192.168.1.70\Data1\Logger\ACU\AEON_COLLECTION\20180608_COLBKK_TESTSET/20180608/ch-139-20239001528365731-46012.wav
ขอ อะไรวะ ส่ง เอกสาร ขอ ขอว่า ปิด บัญชี ปิด บัญชี,141.2,146.25,\\192.168.1.70\Data1\Logger\ACU\AEON_COLLECTION\20180608_COLBKK_TESTSET/20180608/ch-139-20239001528365436-45592.wav
จบ ปิด บัญชี ไป แล้วอ่ะ,130.3,131.84,\\192.168.1.70\Data1\Logger\ACU\AEON_COLLECTION\20180608_COLBKK_TESTSET/20180608/ch-139-20239001528365436-45592.wav
คือ เรา ไม่ ต้อง รอ ตัว แจ้ง ยอด ที่ ว่า %(อ่ะ)%อนุมัติ ปิดบัญชี ลูกค้า สามารถ จ่าย เข้า มา ได้ เลย ค่ะ,99.55,105.52,\\192.168.1.70\Data1\Logger\ACU\AEON_COLLECTION\20180608_COLBKK_TESTSET/20180608/ch-139-20239001528365436-45592.wav
ปิด บัญชี ค่ะ ก็ คือ หลัง จากนี้ไป ประมาณ หนึ่ง เดือน นะ คะ ทาง บริษัท จัด ส่ง เอกสาร ปิด บัญชี ไป ลูกค้า นะ คะ,89.7,95.24,\\192.168.1.70\Data1\Logger\ACU\AEON_COLLECTION\20180608_COLBKK_TESTSET/20180608/ch-139-20239001528365436-45592.wav
พอดี ติดต่อ มา แจ้ง ใน ส่วน ของ เรื่อง ปิดบัญชี ที่ ลูกค้า ส่ง เข้า มา นะ คะ,13.85,18.14,\\192.168.1.70\Data1\Logger\ACU\AEON_COLLECTION\20180608_COLBKK_TESTSET/20180608/ch-139-20239001528365436-45592.wav
เดี๋ยว แจ้ง ผม อีก ที นึง เดี๋ยว ผม จะ check ยอด ปิด บัญชี ให้ คร่าว คร่าว นะ ครับ ก็ คือ จะ เหลือ อีก แค่ หนึ่ง พัน หก ร้อย เก้า สิบ สาม บาท อันนี้ คร่าว คร่าว ก่อน นะ,45.85,54.44,\\192.168.1.70\Data1\Logger\ACU\AEON_COLLECTION\20180608_COLBKK_TESTSET/20180608/ch-43-40143001528363830-344256.wav
จะ เอา ยอด เป็น ยังไง อ่ะ ครับ จะ ปิด บัญชี หรือ ว่า จะ เป็น หนึ่ง งวด ขั้น ต่ำ ดี,32.95,37.34,\\192.168.1.70\Data1\Logger\ACU\AEON_COLLECTION\20180608_COLBKK_TESTSET/20180608/ch-43-40143001528363830-344256.wav
ณ ส่วน ของ ตรง เนี้ย คือ เรา ปิดบัญชี ไป เหรอ ครับ หรือว่า เรา ค่อย จ่าย ทยอย จ่าย เข้า มา จน ถึง จะ ปิดบัญชี อย่างงี้,22.15,28.54,\\192.168.1.70\Data1\Logger\ACU\AEON_COLLECTION\20180608_COLBKK_TESTSET/20180608/ch-43-40143001528363830-344256.wav
ไม่มี ปิด บัญชี ตู้ ครั้ง ร้อย ไหม เนี่ย,126.35,128.24,\\192.168.1.70\Data1\Logger\ACU\AEON_COLLECTION\20180608_COLBKK_TESTSET/20180608/ch-11-20111001528361684-40692.wav
อ่า ใช่ ค่ะ ค่า งวด หก ร้อย เจ็ด บาท ค่ะ แต่ว่า เนื่องจาก ว่า งวด นี้ เป็น ยอด ปิด บัญชี จะ ต้อง จ่าย ทั้งหมด น่ะ ค่ะ ลูกค้า,172.9,178.94,\\192.168.1.70\Data1\Logger\ACU\AEON_COLLECTION\20180608_COLBKK_TESTSET/20180608/ch-138-20238001528361487-40475.wav
ใช่ ค่ะ ลูกค้า แต่ว่า ตรง นี้ น่ะ ถ้า งวด สุดท้าย เรา ต้อง เก็บ เศษ ให้ หมด น่ะ ค่ะ ถึง จะ ปิด บัญชี โดย สมบูรณ์ เลย,69.05,74.84,\\192.168.1.70\Data1\Logger\ACU\AEON_COLLECTION\20180608_COLBKK_TESTSET/20180608/ch-138-20238001528361487-40475.wav
นะ คะ ก็ คือ เลย มี เศษ แล้ว ก็ ที่ ยัง ปิด ไม่ ได้ น่ะ ค่ะ ลูกค้า แสงเดือน ขอ อนุญาต ปัด เศษ เนาะ จะ อยู่ ที่ หนึ่ง ร้อย เจ็ด สิบ แปด บาท นะ คะ ลูกค้า พอ จะ จ่าย เพิ่ม ได้ ไหม คะ จะ ได้ ปิด บัญชี ไป เลย,44.7,54.14,\\192.168.1.70\Data1\Logger\ACU\AEON_COLLECTION\20180608_COLBKK_TESTSET/20180608/ch-138-20238001528361487-40475.wav
แต่ว่า เนื่องจาก ว่า เดือน นี้ ของ คุณ %name(จรรยา)% เอง จะ เป็น ยอด ปิด บัญชี เลย น่ะ ค่ะ,40.2,44.29,\\192.168.1.70\Data1\Logger\ACU\AEON_COLLECTION\20180608_COLBKK_TESTSET/20180608/ch-138-20238001528361487-40475.wav
นะ ครับ และ เหลือ อีก สี่ งวด ที่ต้อง เคลียร์ ตาม เข้า มา แล้ว ปิดบัญชี ไป,223.15,226.89,\\192.168.1.70\Data1\Logger\ACU\AEON_COLLECTION\20180608_COLBKK_TESTSET/20180608/ch-43-40143001528361054-340973.wav
เก้า เหลือ อีก สาม งวด อ่ะ เรา ปิด บัญชี ได้ แล้ว ครับ ถ้า ถ้า เรา จ่าย ตาม นี้ นะ,207.7,211.69,\\192.168.1.70\Data1\Logger\ACU\AEON_COLLECTION\20180608_COLBKK_TESTSET/20180608/ch-43-40143001528361054-340973.wav
เรา อ่ะ จะ สามารถ เคลียร์ ปิด บัญชี ได้ แล้ว นะ,184.6,187.62,\\192.168.1.70\Data1\Logger\ACU\AEON_COLLECTION\20180608_COLBKK_TESTSET/20180608/ch-43-40143001528361054-340973.wav
เอ่อ คุณ %name(วรากร)% เป็น ประมาณ ไม่ เกิน พรุ่งนี้ ดี กว่า เนาะ เพราะ เขา รอ ปิด บัญชี นะ ตรวจ ของ มือถือ งวด สุดท้าย กัน อยู่ ด้วย,15.05,21.84,\\192.168.1.70\Data1\Logger\ACU\AEON_COLLECTION\20180608_COLBKK_TESTSET/20180608/ch-193-20293001528360824-39557.wav
รอ จน ถึง วัน ปิด บัญชี นะ คะ,154.35,156.39,\\192.168.1.70\Data1\Logger\ACU\AEON_COLLECTION\20180608_COLBKK_TESTSET/20180608/ch-171-20271001528358720-36663.wav
ใช่ หนึ่ง หนึ่ง ร้อย เก้า บาท นะ คะ จะ ปิด บัญชี เพราะ ว่า ตัว นั้น น่ะ ที่ คุณ ลูกค้า,98.4,102.94,\\192.168.1.70\Data1\Logger\ACU\AEON_COLLECTION\20180608_COLBKK_TESTSET/20180608/ch-37-20137001528358140-35792.wav
ค่ะ อัน นี้ คือ จะ เป็น ยอด ปิด บัญชี,55.45,57.44,\\192.168.1.70\Data1\Logger\ACU\AEON_COLLECTION\20180608_COLBKK_TESTSET/20180608/ch-12-20112001528357182-34475.wav
ใช่ ค่ะ ตรง นี้ จะ เป็น ยอด ปิด บัญชี เลย ค่ะ งวด หน้า จะ อ่า ถ้า มี ยอด ค่า ปรับ กับ ใน ส่วน ของ อ่า ดอกเบี้ย เรียก เก็บ ลูกค้า ไม่ ต้อง จ่าย เข้า มา นะ คะ เดี๋ยว พนักงาน ทำ,68.65,76.39,\\192.168.1.70\Data1\Logger\ACU\AEON_COLLECTION\20180608_COLBKK_TESTSET/20180608/ch-138-20238001528354706-30545.wav
อ่า ประทานโทษ นะ คะ หนึ่ง พัน แปด สิบ เก้า บาท ปิด บัญชี เลย ค่ะ,56,58.99,\\192.168.1.70\Data1\Logger\ACU\AEON_COLLECTION\20180608_COLBKK_TESTSET/20180608/ch-138-20238001528354706-30545.wav
ใช่ แต่ว่า คือ บัญชี จะ ตก ไปเป็น ค้าง สอง งวด นะ คะ คือ อ่า ลูกค้า จะ จ่าย เพิ่ม เข้า มา เพื่อ ปิด บัญชี เลย ใช่ ไหม คะ หรือ ว่า ยังไง,39.6,46.49,\\192.168.1.70\Data1\Logger\ACU\AEON_COLLECTION\20180608_COLBKK_TESTSET/20180608/ch-138-20238001528354706-30545.wav
เอ่อ ของ ลูกค้า %agent(แสงเดือน)% ขอ อนุญาต ปัด เศษ นะ คะ จะ อยู่ ที่ สี่ ร้อย เก้า สิบ บาท ถ้วน ค่ะ ตรง นี้ ปิด บัญชี เลย ค่ะ,23,28.49,\\192.168.1.70\Data1\Logger\ACU\AEON_COLLECTION\20180608_COLBKK_TESTSET/20180608/ch-138-20238001528353931-28961.wav
ค่ะ ไม่ ทราบ อ่า ได้ ชำระ เข้า มา หรือ ยัง คะ เนี่ย ยอด ปิด บัญชี,18.3,21.98,\\192.168.1.70\Data1\Logger\ACU\AEON_COLLECTION\20180608_COLBKK_TESTSET/20180608/ch-138-20238001528353931-28961.wav
ได้ ค่ะ ได้ ตรง นี้ เป็น ยอด สาม ห้า หก นะ คะ ปิด บัญชี โดย สมบูรณ์ เลย นะ คะ,25.9,30.19,\\192.168.1.70\Data1\Logger\ACU\AEON_COLLECTION\20180608_COLBKK_TESTSET/20180608/ch-138-20238001528353787-28789.wav
ค่ะ ไม่ ทราบ ได้ ชำระ เข้า มา หรือ ยัง ค่ะ ยอด ปิด บัญชี,16.25,19.04,\\192.168.1.70\Data1\Logger\ACU\AEON_COLLECTION\20180608_COLBKK_TESTSET/20180608/ch-138-20238001528353787-28789.wav
ถ้า ถ้า เกิด ปิด บัญชี ยังไง ก็ รบกวน ช่วย แจ้ง เฉพาะ ลูกค้า อ่า ทาง ทาง เจ้าหน้าที่ เขา นิดนึง เขา จะ ได้ ประสาน งาน ให้ ต่อ,155.85,160.79,\\192.168.1.70\Data1\Logger\ACU\AEON_COLLECTION\20180608_COLBKK_TESTSET/20180608/ch-144-20244001528350789-25293.wav
เอ่อ ปิด บัญชี นะ คะ ลูกค้า,19.6,21.39,\\192.168.1.70\Data1\Logger\ACU\AEON_COLLECTION\20180608_COLBKK_TESTSET/20180608/ch-139-20239001528349971-24408.wav
คือ พอดี ว่า ปิด บัญชี ก็ คือ เคลียร์ ยอด เต็ม ตาม ตาม ที่ ลูกค้า ใช้ จ่าย ไป ตาม ใบ แจ้ง หนี้ นะ คะ,45.65,51.44,\\192.168.1.70\Data1\Logger\ACU\AEON_COLLECTION\20180608_COLBKK_TESTSET/20180608/ch-145-20245001528349305-24146.wav
อ่า เค้า เรียกว่า ปิดบัญชี ก็ คือ เคลียร์ ยอด เต็ม ทั้งหมด อ่ะ ค่ะ เป็น วัน ที่ ยี่สิบสอง เดือน สี่ ถูก มั้ย อ่ะ คะ,28.05,33.29,\\192.168.1.70\Data1\Logger\ACU\AEON_COLLECTION\20180608_COLBKK_TESTSET/20180608/ch-145-20245001528349305-24146.wav
ค่ะ ของ คุณ จรูณ นะ คะ ก็ คือ ทำ กะ ไอ้ การ ปิด บัญชี อ่ะ นะ คะ เมื่อ วัน ที่,21.15,26.54,\\192.168.1.70\Data1\Logger\ACU\AEON_COLLECTION\20180608_COLBKK_TESTSET/20180608/ch-145-20245001528349305-24146.wav
อิออน ทำไม ถึง ทำไม ถึง มี ระบบ อิออน มัน มัน เป็น อย่าง งี้ อ่ะ ครับ เขา จ่าย บิล แรก ของ บิ๊กซี ไป แล้ว พัน นึง แล้ว ก็ เป็น ที่ สอง ของ อิออน อีก เจ็ด พัน กว่า ปิด บัญชี แล้ว,21.9,33.34,\\192.168.1.70\Data1\Logger\ACU\AEON_COLLECTION\20180608_COLBKK_TESTSET/20180608/ch-205-40305001528349078-325582.wav
จะ มี ยอด ใน ส่วน ของ ที่ ค้าง แล้ว ปิดบัญชี จบ เลย นะ,74.25,77.34,\\192.168.1.70\Data1\Logger\ACU\AEON_COLLECTION\20180608_COLBKK_TESTSET/20180608/ch-43-40143001528348477-325189.wav
นะ ครับ อยาก ให้ ปิด บัญชี ตรง นี้ ไป เพื่อ ที่ ว่า เดือน หน้า เนี่ย,56.9,60.24,\\192.168.1.70\Data1\Logger\ACU\AEON_COLLECTION\20180608_COLBKK_TESTSET/20180608/ch-43-40143001528348477-325189.wav
ได้ เหรอ ครับ เดี๋ยว ผม รบกวน นิดนึง เพราะ ว่า ตรง นี้ คือ จะ ปิด สามารถ ปิด บัญชี ได้ แล้ว,51.85,56.79,\\192.168.1.70\Data1\Logger\ACU\AEON_COLLECTION\20180608_COLBKK_TESTSET/20180608/ch-43-40143001528348477-325189.wav
เรา จะ ไม่ สามารถ ทำ เรื่อง ปิด บัญชี ให้ ได้ นะ คะ,140.2,142.69,\\192.168.1.70\Data1\Logger\ACU\AEON_COLLECTION\20180608_COLBKK_TESTSET/20180608/ch-139-20239001528343233-15323.wav
ของ คุณ ไชยา ใน ส่วน ของ ตัว บัตร โกลด์ วีซ่า นะ คะ ที่ ลูกค้า ได้ ปิด บัญชี ไป นะ คะ,70.35,74.99,\\192.168.1.70\Data1\Logger\ACU\AEON_COLLECTION\20180608_COLBKK_TESTSET/20180608/ch-171-20271001528343029-14917.wav
ถ้า อย่าง คุณ ยุวดี ว่า อีก สัก สอง เดือน สาม เดือน ที่ จะ ปิด บัญชี เลย หรือ อะไร ส่วน นี้ มัน มัน ก็ ยัง เป็น อีก ประเด็น หนึ่ง,64.55,70.54,\\192.168.1.70\Data1\Logger\ACU\AEON_COLLECTION\20180608_COLBKK_TESTSET/20180608/ch-26-40126001528341251-315374.wav
นะ คะ ตรง นี้ พนักงาน ส่ง เรื่อง ให้ ลูกค้า เรียบร้อย นะ คะ ขอ หนังสือ รับรอง ปิด บัญชี,18.55,22.49,\\192.168.1.70\Data1\Logger\ACU\AEON_COLLECTION\20180608_COLBKK_TESTSET/20180608/ch-138-20238001528341173-11756.wav
ไม่ ไม่ ลูกค้า ตอน นี้ คือ มัน ยัง ไอ้ ต้น เดือน อยู่ เลย ลูกค้า ทยอย เข้า มา ก่อน ได้ ไหม เพราะ มัน ยัง ไม่ ปิด บัญชี,32.6,39.13,\\192.168.1.70\Data1\Logger\ACU\AEON_COLLECTION\20180608_COLBKK_TESTSET/20180608/ch-18-20118001528339674-8874.wav
เป็น เป็น งวด สุดท้าย แล้ว น่ะ ค่ะ อยาก ให้ ให้ ปิด บัญชี ตรง รอบ น่ะ ค่ะ ลูกค้า,49.06,52.64,\\192.168.1.70\Data1\Logger\ACU\AEON_COLLECTION\20180608_COLBKK_TESTSET/20180608/ch-162-40262001528339420-313537.wav
เพราะ ว่า รอบ ที่ ปิด บัญชี เข้า มา เนี่ย ก็ คือ ปิด ทั้งหมด เลย ถูก ไหม คะ แต่ว่า ยัง มี ตัว ประกัน เนี่ย ที่ ลูกค้า ยัง ไม่ ได้ ยกเลิก มัน จะ มี,54.4,62.09,\\192.168.1.70\Data1\Logger\ACU\AEON_COLLECTION\20180608_COLBKK_TESTSET/20180608/ch-140-20240001528339352-8092.wav
พอดี ยอด ที่ ลูกค้า ชำระ ปิด เข้า มา เนี่ย เป็น ยอด ปิด บัญชี พอดี,19,23.54,\\192.168.1.70\Data1\Logger\ACU\AEON_COLLECTION\20180608_COLBKK_TESTSET/20180608/ch-140-20240001528339352-8092.wav
เพราะว่า งวด งวด นู้น ที่ ผม ส่ง เข้า ไป สอง งวด แล้ว ก็ ปิด บัญชี ไป เลย,62.15,66.94,\\192.168.1.70\Data1\Logger\ACU\AEON_COLLECTION\20180608_COLBKK_TESTSET/20180608/ch-192-20292001528339145-7335.wav
นะ คะ อ่า ใน ส่วน ของ ทอง จะ ไม่ %(ทะ )% สามารถ ทำ รายการ สอง สัญญา ได้ นะ คะ เพราะ ฉะนั้น ก็ ถูกต้อง แล้ว อ่ะ ค่ะ ที่ ลูกค้า จ่าย ปิด บัญชี เดิม นะ คะ ไป เมื่อ วัน ที่ สิบเจ็ด เดือน สี่ แล้ว ลูกค้า ทำ ผ่อน ใหม่ ถูก ไหม คะ,85.9,96.49,\\192.168.1.70\Data1\Logger\ACU\AEON_COLLECTION\20180608_COLBKK_TESTSET/20180608/ch-192-20292001528339145-7335.wav
แต่ว่า ถ้า คุณ ลูกค้า จะ เคลียร์ เลย ก็ คือ ได้ เลย ตรง นี้ จะ ได้ ปิด บัญชี ใน ส่วน ของ ตัว ทีวี ตัว ตัว ก่อน นะ คะ,64.6,69.93,\\192.168.1.70\Data1\Logger\ACU\AEON_COLLECTION\20180608_COLBKK_TESTSET/20180608/ch-83-20183001528337576-3486.wav
ไปปิดบัญชีหรอคะ,110.84,112.38,\\192.168.1.70\Data1\Logger\ACU\ACSS_COLLECTION\20171000_ACSS_P1/2017-10-03/span01-06-60106001507007591-163.wav
วันที่สิบ ลูกค้าไปปิดบัญชีหรอ,107.32,109.28,\\192.168.1.70\Data1\Logger\ACU\ACSS_COLLECTION\20171000_ACSS_P1/2017-10-03/span01-06-60106001507007591-163.wav
วันวันที่สิบอ่ะค่ะ ที่ลูกค้าแจ้งว่าจะไปอ่ะค่ะ ลูกค้าจะไปเคลียร์ปิดบัญชีหรอคะ หรือว่าจะไป ไปผ่อนชำระ หรือว่ายังไงคะ,92.81,99.2,\\192.168.1.70\Data1\Logger\ACU\ACSS_COLLECTION\20171000_ACSS_P1/2017-10-03/span01-06-60106001507007591-163.wav
อ่าของลูกค้าน่ะค่ะ ค้างมาหลายรอบบิลแล้วน่ะค่ะ ไม่ทราบลูกค้าพอจะมีตัวเงินก้อนตัดปิดบัญชีแล้วหรือยังค่ะ,25.63,31.06,\\192.168.1.70\Data1\Logger\ACU\ACSS_COLLECTION\20171000_ACSS_P1/2017-10-03/span05-05-10505001507010442-19.wav
เป็นปิดบัญชีหรือว่าเป็นผ่อนชำระบ้างไหม พอดีว่ายังไม่มียอดเข้ามาเลยค่ะตรงนี้,24.16,28.61,\\192.168.1.70\Data1\Logger\ACU\ACSS_COLLECTION\20171000_ACSS_P1/2017-10-03/span03-12-60312001507012873-177.wav
ถ้าสมมติว่า เดือนนี้ลูกค้ามีแนวโน้มที่จะปิดบัญชี จะอยู่ที่หนึ่งแสนหนึ่ง หมื่น หนึ่งแสนห้าหมื่นห้าพัน,48.22,54.89,\\192.168.1.70\Data1\Logger\ACU\ACSS_COLLECTION\20171000_ACSS_P1/2017-10-03/span05-28-10528001507014512-18.wav
โอเค งั้นในเดือนนี้ลูกค้ามีแนวโน้มที่จะปิดบัญชีเลยมั้ยคะ มีส่วนลดอยู่นะ,33.87,38.5,\\192.168.1.70\Data1\Logger\ACU\ACSS_COLLECTION\20171000_ACSS_P1/2017-10-03/span05-28-10528001507014512-18.wav
เราจะได้ช่วยคุยแนะนำให้ลูกค้าเคลียร์ปิดบัญชีออกจากระบบไปเลย,267.23,271.35,\\192.168.1.70\Data1\Logger\ACU\ACSS_COLLECTION\20171000_ACSS_P1/2017-10-03/span05-30-20530001507010530-33.wav
เหลือแต่ว่าลูกค้าจะรอปิดบัญชีในเคลียร์ในส่วนของตรงนี้,61.22,64.49,\\192.168.1.70\Data1\Logger\ACU\ACSS_COLLECTION\20171000_ACSS_P1/2017-10-03/span09-03-30903001507021944-76.wav
ทำการเคลมปิดบัญชีหรือว่ามีเงิน,168.11,170.76,\\192.168.1.70\Data1\Logger\ACU\ACSS_COLLECTION\20171000_ACSS_P1/2017-10-03/span05-30-20530001507010530-33.wav
เดี๋ยวยังไง เข้าไปติดต่อแจ้ง แจ้ง แจ้งด้วยน่ะครับผม ว่าปิดบัญชี,131.85,134.54,\\192.168.1.70\Data1\Logger\ACU\ACSS_COLLECTION\20171000_ACSS_P1/2017-10-03/span11-08-31108001507003249-167.wav
เป็นปิดบัญชีเค้าเรียกว่า โครงการปิดบัญชีรับยอดส่วนลด แต่ถ้าลูกค้าปิดบัญชีไม่ได้ ลูกค้าจะต้องผ่อนชำระ,285.76,292.16,\\192.168.1.70\Data1\Logger\ACU\ACSS_COLLECTION\20171000_ACSS_P1/2017-10-03/span09-29-30929001506999959-85.wav
เจ็ดพันกับอีกยี่สิบสามบาท แต่ถ้าคุณปิดบัญชี ก็คือจ่ายอยู่ที่ ห้าพันสามร้อยบาทถ้วน,278.72,284.94,\\192.168.1.70\Data1\Logger\ACU\ACSS_COLLECTION\20171000_ACSS_P1/2017-10-03/span09-29-30929001506999959-85.wav
ถ้าไม่น่าจะได้ ปิดบัญชีไม่ได้ ก็ต้องเป็นการผ่อนชำระนะคะ,250.38,254.17,\\192.168.1.70\Data1\Logger\ACU\ACSS_COLLECTION\20171000_ACSS_P1/2017-10-03/span09-29-30929001506999959-85.wav
ไม่ทราบว่าสามารถปิดบัญชี รับยอดส่วนลดได้มั้ยคะ,243.06,246.2,\\192.168.1.70\Data1\Logger\ACU\ACSS_COLLECTION\20171000_ACSS_P1/2017-10-03/span09-29-30929001506999959-85.wav
ถ้าคุณมีความประสงค์ที่จะชำระ จากยอด เจ็ดพันยี่สิบสามบาท ตัวเนี้ยคุณได้รับในส่วนของโครงการปิดบัญชี รับยอดส่วนลด,221.35,228.67,\\192.168.1.70\Data1\Logger\ACU\ACSS_COLLECTION\20171000_ACSS_P1/2017-10-03/span09-29-30929001506999959-85.wav
ถ้าพี่ผ่อนไปสักสามสี่เดือนได้ ถ้าเกิดว่าพี่มีเงินมา พี่มาขอส่วนลดปิดบัญชีก็ เหมือน เหมือนเดิมครับ เหมือนสัญญาตัวแรก,234.56,240.05,\\192.168.1.70\Data1\Logger\ACU\ACSS_COLLECTION\20171000_ACSS_P1/2017-10-03/span02-01-10201001507000588-180.wav
เดือนหน้าก็คือปิดบัญชี สามพัน แล้ว ก็จ่ายส่วนต่างอีกสองพัน ก็คือ,166.08,170.15,\\192.168.1.70\Data1\Logger\ACU\ACSS_COLLECTION\20171000_ACSS_P1/2017-10-03/span02-01-10201001507000588-180.wav
ครับ ของอิออนที่แจ้งว่าปิดบัญชีไปแล้วใช่ไหมครับผม,13.51,16.83,\\192.168.1.70\Data1\Logger\ACU\ACSS_COLLECTION\20171000_ACSS_P1/2017-10-03/span11-08-31108001507003249-167.wav
ถ้าปิดยัง ถ้าจะปิดบัญชีใช่ไหมลูกค้า ลูกค้า ปิดบัญชีทั้งสองบัตร ลูกค้าขอประทานโทษน่ะ ลูกค้าจะปิดบัตรนึง ปิดบัตรไหนจ้ะ บัตร บัตรที่เป็นกดเงินสดหรือเปล่าค่ะ สองหมื่นกว่าบาท ใช่ไหม,27.96,41.58,\\192.168.1.70\Data1\Logger\ACU\ACSS_COLLECTION\20171000_ACSS_P1/2017-10-03/span05-13-10513001507015641-152.wav
ถ้าปิดบัญชี จะทำยังไง,23.66,27.08,\\192.168.1.70\Data1\Logger\ACU\ACSS_COLLECTION\20171000_ACSS_P1/2017-10-03/span05-13-10513001507015641-152.wav
อ่อ เสียแล้วค่ะ ทีนี้ฉันถามว่าถ้าฉันจะปิดบัญชีทำยังไง เพราะว่า,16.07,20.82,\\192.168.1.70\Data1\Logger\ACU\ACSS_COLLECTION\20171000_ACSS_P1/2017-10-03/span05-13-10513001507015641-152.wav
ถ้าเกิดว่าลูกค้าสนใจจะเคลียร์ปิดบัญชีอ่ะค่ะ,45.49,48.58,\\192.168.1.70\Data1\Logger\ACU\ACSS_COLLECTION\20171000_ACSS_P1/2017-10-03/span10-05-31005001507022056-57.wav
ไม่มี ไม่มีแล้วครับ คือว่าตัดบัญชี ปิดบัญชีไปเลย,148.3,151.65,\\192.168.1.70\Data1\Logger\ACU\ACSS_COLLECTION\20171000_ACSS_P1/2017-10-03/span03-15-30315001507000567-137.wav
อ่าพี่จะได้ใบเสร็จปิดบัญชีอ่ะครับ,138.5,141.47,\\192.168.1.70\Data1\Logger\ACU\ACSS_COLLECTION\20171000_ACSS_P1/2017-10-03/span03-15-30315001507000567-137.wav
ถ้าแบบว่า ถ้าลูกค้าไม่ไป แต่ว่าสนใจที่จะปิดบัญชีหนูก็จะ,227.98,231.91,\\192.168.1.70\Data1\Logger\ACU\ACSS_COLLECTION\20171000_ACSS_P1/2017-10-03/span02-25-10225001506999733-208.wav
คือ แต่ว่าลูกค้าจะจ่ายเข้ามา ปิด ปิดบัญชีหนึ่งสัญญาก่อนใช่ไหม หรือว่ายังไงเอ่ย,51,55.18,\\192.168.1.70\Data1\Logger\ACU\ACSS_COLLECTION\20171000_ACSS_P1/2017-10-03/span03-24-60324001506999812-65.wav
ติดต่อในส่วนของเอกสาร ยืนยันการปิดบัญชีอีกครั้งนึงนะคะ,23.9,27.25,\\192.168.1.70\Data1\Logger\ACU\ACSS_COLLECTION\20171000_ACSS_P1/2017-10-03/span02-15-60215001507010595-35.wav
ตัวนี้เห็นแจ้งว่าจะจะปิดบัญชีเหรอคะ,27.15,31.08,\\192.168.1.70\Data1\Logger\ACU\ACSS_COLLECTION\20171000_ACSS_P1/2017-10-03/span02-13-60213001507023053-185.wav
ค่ะ ในในเดือนนี้คุณลูกค้าสนใจที่จะปิดบัญชีเลยไหมคะ,24.71,27.94,\\192.168.1.70\Data1\Logger\ACU\ACSS_COLLECTION\20171000_ACSS_P1/2017-10-03/span05-15-10515001507014046-124.wav
วันนี้ เย็นนี้ประมาณช่วงกี่โมงอ่ะคะลูกค้า พอดี %agent% จะ clear ในส่วนของการปิดบัญชีให้ลูกค้าด้วยอ่ะค่ะ,29.39,35.7,\\192.168.1.70\Data1\Logger\ACU\ACSS_COLLECTION\20171000_ACSS_P1/2017-10-03/span01-10-60110001507014931-213.wav
แต่ในส่วนเนี้ยคุณ %name% ถ้าหากคุณอ่ายังไม่สะดวกปิดบัญชีอ่ะค่ะ เป็นตัวยอดที่ค้างทั้งหมดเนี่ย รวมทั้งยอดวันที่สองที่ผ่านมาด้วยนะคะ จะอยู่ที่หนึ่งพันสี่ร้อยบาทนะคะ,174.2,184.43,\\192.168.1.70\Data1\Logger\ACU\ACSS_COLLECTION\20171000_ACSS_P1/2017-10-03/span12-02-11202001507001526-184.wav
ยังค่ะ ยังค่ะ คุณ %name% ในส่วนนี้ถ้าคุณ %name% เคลียร์ยอดที่ค้างหมดแล้วหรือว่ามีการปิดบัญชีแล้วตรงเนี้ยค่ะ อ่าต้องขออนุมัติใหม่ทาง ทางฝ่ายสินเชื่ออีกครั้งนึงนะคะ,149.4,159.63,\\192.168.1.70\Data1\Logger\ACU\ACSS_COLLECTION\20171000_ACSS_P1/2017-10-03/span12-02-11202001507001526-184.wav
คุณ %name% คะ อันนี้คือยอดปิดบัญชี ณ วันที่สามเดือนนี้ วันนี้เลยใช่มั้ยคะ,126.9,131.88,\\192.168.1.70\Data1\Logger\ACU\ACSS_COLLECTION\20171000_ACSS_P1/2017-10-03/span12-02-11202001507001526-184.wav
จ่าย เคลียร์ยอดที่ค้างหรือว่ายอดปิดบัญชีคะ,24.21,26.98,\\192.168.1.70\Data1\Logger\ACU\ACSS_COLLECTION\20171000_ACSS_P1/2017-10-03/span12-02-11202001507001526-184.wav
พี่พี่ต้องใจเย็นเย็นหน่อยอาจจะแบบว่าอาจจะประมาณสิ้นปีผมว่า %(อะ)% อาจจะปิดบัญชีหมดเลยเพราะว่าผมรำคาญเรื่องโทรตามบ่อย,59.92,67.63,\\192.168.1.70\Data1\Logger\ACU\ACSS_COLLECTION\20171000_ACSS_P1/2017-10-03/span01-15-60115001507017778-3.wav
จครับเพราะว่าผมใกล้จะปิดบัญชีแล้วเพราะว่ารอรอรอรอ,56.2,59.59,\\192.168.1.70\Data1\Logger\ACU\ACSS_COLLECTION\20171000_ACSS_P1/2017-10-03/span01-15-60115001507017778-3.wav
สอบถามนิดนึงลูกค้ามีโครงการที่จะปิดบัญชีไหมคะ ณ ตอนเนี่ย bank มีส่วนลดอยู่ที่สี่,31.45,36.06,\\192.168.1.70\Data1\Logger\ACU\ACSS_COLLECTION\20171000_ACSS_P1/2017-10-03/span06-13-10613001507020191-91.wav
ทางเดียวที่จะให้การช่วยเหลือคุณ %name% ได้นะครับ ให้ลูกค้าเนี่ยครับ ปิดบัญชีนะครับ ส่วนลดเข้ามานะครับ เพราะว่า ณ ตอนเนี้ยระงับตัวเรื่องในการผ่อนชำระนะครับ,75.99,85.74,\\192.168.1.70\Data1\Logger\ACU\ACSS_COLLECTION\20171000_ACSS_P1/2017-10-03/span04-01-30401001507005406-213.wav
ถ้าเกิดกรณีปิดอ่า เอ่อมีเงินในส่วนของปิดบัญชีนะ ก็ยังสอบถามเข้ามาได้นะครับ เรายังมีส่วนลดให้คุณอยู่นะครับผม,30.83,36.98,\\192.168.1.70\Data1\Logger\ACU\ACSS_COLLECTION\20171000_ACSS_P1/2017-10-03/span04-27-30427001506999804-225.wav
อ่าถ้าถ้าเป็นกรณีปิดปิดบัญชีอ่ะครับผม ก็คือเรา ก็ยังมีส่วนลดให้คุณอยู่นะครับผม ถ้าถ้าปิดนะครับ,39.9,45.59,\\192.168.1.70\Data1\Logger\ACU\ACSS_COLLECTION\20171000_ACSS_P1/2017-10-03/span04-27-30427001506999804-225.wav
อือ ถ้าเลือกก็คือ อ่าจ่ายปิดบัญชีไปเลย หนึ่งหมื่นหนึ่ง หนึ่งหมื่นหนึ่งร้อยแปดสิบห้าบาทเจ็ดสิบสองสตางค์น่ะค่ะ,54,61.27,\\192.168.1.70\Data1\Logger\ACU\ACSS_COLLECTION\20171000_ACSS_P1/2017-10-03/span12-17-31217001507005348-98.wav
ยังไม่มีตัวเงินที่จะปิดบัญชีเลยใช่มั้ยเดือนนี้,41.55,45.65,\\192.168.1.70\Data1\Logger\ACU\ACSS_COLLECTION\20171000_ACSS_P1/2017-10-03/span02-03-10203001507007773-102.wav
คือลูกค้าปิดบัญชีตรงนี้จบ แล้วก็ให้คุณติดต่อเข้าบริษัท ไฮเวย์ คือเจ้าหนี้ของคุณโดยตรง,73.18,78.36,\\192.168.1.70\Data1\Logger\ACU\ACSS_COLLECTION\20171000_ACSS_P1/2017-10-03/span09-01-30901001507014663-37.wav
คือในกรณีเป็นเป็นส่วนลดปิดบัญชี ถูกต้องมั้ยคะ,44.64,48.2,\\192.168.1.70\Data1\Logger\ACU\ACSS_COLLECTION\20171000_ACSS_P1/2017-10-03/span02-21-10221001507007255-17.wav
ชัวร์ใช่ไหมเพราะว่า %agent% จะแจ้งงี้ ถ้าเป็นเงื่อนไขของการขอส่วนลดปิดบัญชีเราต้อง,139.19,144.66,\\192.168.1.70\Data1\Logger\ACU\ACSS_COLLECTION\20171000_ACSS_P1/2017-10-03/span02-31-10231001507008062-142.wav
อื้ม ตรงนี้คุณ %name% สามารถปิดบัญชีได้เลยไหมเพราะยอดเหลือไม่เยอะแล้วครับ,21.52,25.5,\\192.168.1.70\Data1\Logger\ACU\ACSS_COLLECTION\20171000_ACSS_P1/2017-10-03/span05-19-10519001507009523-128.wav
อือ คุณลูกค้า %agent% จะแจ้งงี้คือ bank อ่ะเขาต้องการให้ลูกค้าเคลียร์สถานะปิดบัญชีกับทางกสิกรให้เร็วที่สุดอ่ะค่ะ,35.75,41.83,\\192.168.1.70\Data1\Logger\ACU\ACSS_COLLECTION\20171000_ACSS_P1/2017-10-03/span02-31-10231001507008062-142.wav
แต่ว่าถ้าปิดบัญชีเนี่ย พอดีผมไม่มั่นใจว่าเงินผมจะพอรึเปล่าเนี่ยครับ,32.19,36.87,\\192.168.1.70\Data1\Logger\ACU\ACSS_COLLECTION\20171000_ACSS_P1/2017-10-03/span05-08-10508001507020123-11.wav
%agent% ติดต่อสอบถามอ่ะค่ะ เห็นที่ลูกค้าแจ้งไว้ว่าจะปิดบัญชีใน ในต้นเดือนเนี้ยค่ะ,22.25,27.2,\\192.168.1.70\Data1\Logger\ACU\ACSS_COLLECTION\20171000_ACSS_P1/2017-10-03/span05-08-10508001507020123-11.wav
ลูกค้ายอดเหลือที่เท่าไหร่ ลูกค้าสามารถขอส่วนลดปิดบัญชีได้ทันทีเลยนะคะ,257.8,262.58,\\192.168.1.70\Data1\Logger\ACU\ACSS_COLLECTION\20171000_ACSS_P1/2017-10-03/span10-18-31018001507020281-49.wav
คุณจะปิดบัญชีได้ ถ้าเกิดว่ามีเงินก้อนที่จะปิดบัญชี ณ ตอนนั้นน่ะค่ะ,252.66,257.7,\\192.168.1.70\Data1\Logger\ACU\ACSS_COLLECTION\20171000_ACSS_P1/2017-10-03/span10-18-31018001507020281-49.wav
คือตรงตรงนี้นะคะ หนังสือรับรองการปิดบัญชีอ่ะค่ะ จะออกให้ลูกค้าเนี่ยหลังจากที่มีการปิดยอดงวดสุดท้ายหมดแล้ว,115.42,121.81,\\192.168.1.70\Data1\Logger\ACU\ACSS_COLLECTION\20171000_ACSS_P1/2017-10-03/span01-26-60126001507013264-114.wav
อ๋อจะปิดปิดหมดเลยใช่ไหมคะ ก็ก็คือเป็นหนังสือรับรองการปิดบัญชีด้วยใช่ไหมคะ,110.62,115.31,\\192.168.1.70\Data1\Logger\ACU\ACSS_COLLECTION\20171000_ACSS_P1/2017-10-03/span01-26-60126001507013264-114.wav
สัญญานี้พี่จะปิดบัญชีเลยมั้ยคะ %agent% จะได้ทำส่วนลดให้ เพราะว่าถ้าเกิดมีชำระมาทุกเดือนอย่างเงี้ยเรามีส่วนลดให้ได้,24.54,31.64,\\192.168.1.70\Data1\Logger\ACU\ACSS_COLLECTION\20171000_ACSS_P1/2017-10-03/span05-10-10510001507018057-38.wav
ก็คืออยู่ในส่วนของการจัดฟ้อง %(อัน)% จัดสรรฟ้อง อันนี้ดูตัวยอดปิดบัญชีไหม,14.22,18.59,\\192.168.1.70\Data1\Logger\ACU\ACSS_COLLECTION\20171000_ACSS_P1/2017-10-03/span05-25-10525001507005899-73.wav
ถ้าสมมติว่าลูกค้ายังปิดบัญชีไม่ได้ ลูกค้าเดินชำระ เดินบัญชีเข้ามาไหมคะ อันนี้ก็จะช่วยตัดยอดลูกค้าไปได้ค่อนข้างเยอะ,22.85,30.15,\\192.168.1.70\Data1\Logger\ACU\ACSS_COLLECTION\20171000_ACSS_P1/2017-10-03/span05-25-10525001507005899-73.wav
อ่ามีส่วนลดในการปิดบัญชีอ่ะค่ะ %agent% ต้องต้องโทรสอบถามลูกค้าอ่ะค่ะว่าสะดวกไหม,13.93,19.29,\\192.168.1.70\Data1\Logger\ACU\ACSS_COLLECTION\20171000_ACSS_P1/2017-10-03/span04-13-30413001506999919-18.wav
สองพันเก้าร้อยยี่สิบสองบาทกับอีกยี่สิบเจ็ดสตางค์ลูกค้าจ่ายอยู่สามงวดก็ปิดบัญชีแล้วอ่ะค่ะลูกค้า,151.12,156.29,\\192.168.1.70\Data1\Logger\ACU\ACSS_COLLECTION\20171000_ACSS_P1/2017-10-03/span05-22-10522001507008949-53.wav
ยังไม่ได้ปิดบัญชีครับ เพราะว่าตรงนั้นน่ะ เป็นในส่วนของตรงนั้นน่ะ ก็คือว่ามียอดคงค้างอยู่เนี่ย,95.85,101.84,\\192.168.1.70\Data1\Logger\ACU\ACSS_COLLECTION\20171000_ACSS_P1/2017-10-03/span09-02-30902001507021383-143.wav
ตอนนี้ก็คือว่าไม่ไม่ไม่ ไม่ได้ปิดบัญชีนะครับ แต่ว่าเป็นในส่วนของส่งค่างวดค้างมาให้เท่านั้น ทีเนี่ย,66.15,74.05,\\192.168.1.70\Data1\Logger\ACU\ACSS_COLLECTION\20171000_ACSS_P1/2017-10-03/span09-02-30902001507021383-143.wav
ปิด นี่หมายถึงปิดบัญชีเหรอครับ,31.5,33.55,\\192.168.1.70\Data1\Logger\ACU\ACSS_COLLECTION\20171000_ACSS_P1/2017-10-03/span09-02-30902001507021383-143.wav
visa card อ่ะ %agent% ทำเรื่องเคลียร์ปิดบัญชีให้ลูกค้าไปแล้ว ส่วนอีกตัวนึงอ่ะค่ะก็คือเดี๋ยวให้ %agent% ติดต่ออีกทีประมาณช่วงไหน,14.59,21.87,\\192.168.1.70\Data1\Logger\ACU\ACSS_COLLECTION\20171000_ACSS_P1/2017-10-03/span02-26-10226001507021561-224.wav
ถ้าลูกค้าทำ ทำเงื่อนไขการปิดบัญชี,48.19,50.65,\\192.168.1.70\Data1\Logger\ACU\ACSS_COLLECTION\20171000_ACSS_P1/2017-10-03/span09-23-30923001507002807-167.wav
ลูกค้าในส่วนนี้ของลูกค้าค่ะลูกค้าสามารถที่จะดำเนินการผ่อนชำระหรือว่าปิดบัญชีได้ไหม ณ ตอนนี้,16.14,23.21,\\192.168.1.70\Data1\Logger\ACU\ACSS_COLLECTION\20171000_ACSS_P1/2017-10-03/span10-12-31012001507013782-13.wav
อ่า ถ้าอย่างงั้นเดี๋ยวใช้บัตรประชาชนก็ได้ ยื่นจ่ายที่เซเว่นได้เลย แล้วก็ check ยอดกับ %agent% %agent% ส่งเรื่องปิดบัญชีให้,56.73,63.76,\\192.168.1.70\Data1\Logger\ACU\ACSS_COLLECTION\20171000_ACSS_P1/2017-10-03/span03-12-60312001507012202-11.wav
ตรงนี้ %agent% ได้ตัวยอดของคุณ %name% แล้วนะคะ ยอดปิดบัญชี ณ วันนี้เนาะ วันที่สามเนาะ,11.28,16.88,\\192.168.1.70\Data1\Logger\ACU\ACSS_COLLECTION\20171000_ACSS_P1/2017-10-03/span03-12-60312001507012202-11.wav
เอ่อ เข้า check ยอดเข้าระบบ แล้วก็จะขอส่งเรื่องปิดบัญชีให้,92.8,96.1,\\192.168.1.70\Data1\Logger\ACU\ACSS_COLLECTION\20171000_ACSS_P1/2017-10-03/span03-12-60312001507012202-11.wav
เอ่อขอส่วนลดในการปิดบัญชี หรือไม่ก็จะเป็นการประนอมหนี้ก็คือจะเป็นการชำระขั้นต่ำ จะอยู่ที่เดือนละหนึ่งพันห้าร้อยบาทค่ะ,33.17,39.95,\\192.168.1.70\Data1\Logger\ACU\ACSS_COLLECTION\20171000_ACSS_P1/2017-10-02/span05-14-10514001506926839-178.wav
จ้ะ ถ้าลูกค้าสามารถปิดบัญชีแล้ว ลูกค้าสามารถยื่นทำธุรกรรมอื่นได้ตามปกตินะคะ,44.05,49.15,\\192.168.1.70\Data1\Logger\ACU\ACSS_COLLECTION\20171000_ACSS_P1/2017-10-03/span02-20-60220001507018523-92.wav
เอ่อชำระปิดบัญชีเลยมั้ย หรือว่า,278.06,280.96,\\192.168.1.70\Data1\Logger\ACU\ACSS_COLLECTION\20171000_ACSS_P1/2017-10-03/span05-11-10511001507001041-54.wav
เซ็นสำเนาถูกต้องค่ะ เขียนกำกับไว้ว่า ใช้สำหรับปิดบัญชีบัตรเครดิตกสิกร นะคะ,75.62,80.25,\\192.168.1.70\Data1\Logger\ACU\ACSS_COLLECTION\20171000_ACSS_P1/2017-10-03/span04-14-30414001506999947-25.wav
ก็ดูถ้าเกิดเดือน เอ่อเดือนหน้ามีเงินก้อนอีก ทำส่วนลดแจ้งได้เอ่อยอดอยู่เท่านี้นะ คุณ %name% ไหว ปิดบัญชี %agent% ก็ช่วยส่งเรื่องให้อีกครับ,251.88,259.91,\\192.168.1.70\Data1\Logger\ACU\ACSS_COLLECTION\20171000_ACSS_P1/2017-10-03/span05-11-10511001507001041-54.wav
เพราะยอดนี้เค้าไม่อยากให้ตัดในส่วนวันปิดบัญชีค่อนข้างจะวิ่งเยอะน่ะค่ะวิ่งรายวันด้วยอะไรเงี้ย,169.7,175,\\192.168.1.70\Data1\Logger\ACU\ACSS_COLLECTION\20171000_ACSS_P1/2017-10-03/span01-11-60111001507004793-49.wav
%(สะ)% สนใจมั้ยเพิ่มอีกสองร้อยเองห้าพันสองก็ปิดบัญชีได้เลยนะ เดี๋ยวผมเคลียร์บัญชีตัวนี้ให้เลยครับ จะได้เหลือแค่สองบัญชี และก็ถ้าเกิด,213.55,222.02,\\192.168.1.70\Data1\Logger\ACU\ACSS_COLLECTION\20171000_ACSS_P1/2017-10-03/span05-11-10511001507001041-54.wav
ใช่ ตอนนี้เหลืออยู่เจ็ดพัน ก็ผมส่งเรื่องส่วนลดให้ได้อ่ะครับ แล้วก็ปิดบัญชีอยู่ที่ห้าพันสองร้อยบาทเอง,197.85,203.81,\\192.168.1.70\Data1\Logger\ACU\ACSS_COLLECTION\20171000_ACSS_P1/2017-10-03/span05-11-10511001507001041-54.wav
ก็ยอดจะเหลืออยู่ อยู่ที่ห้าพันสองร้อยบาทถ้วนครับ ปิดบัญชี,184.7,188.61,\\192.168.1.70\Data1\Logger\ACU\ACSS_COLLECTION\20171000_ACSS_P1/2017-10-03/span05-11-10511001507001041-54.wav
เจ็ดพันบาทครับ ถ้าเกิดอยากปิดบัญชีนะครับ รอบสิ้นเดือนนะ สิ้นเดือนตุลาเนี่ย,178.5,184.41,\\192.168.1.70\Data1\Logger\ACU\ACSS_COLLECTION\20171000_ACSS_P1/2017-10-03/span05-11-10511001507001041-54.wav
สามพันเก้าร้อยบาทปิดบัญชี,26.3,28.8,\\192.168.1.70\Data1\Logger\ACU\ACSS_COLLECTION\20171000_ACSS_P1/2017-10-02/span09-08-30908001506924954-169.wav
อ๋อ วันที่สิบสี่นี่ เค้าเค้าชำระที่ยอดเจ็ดร้อยห้าสิบเจ็ดบาท ตัวที่เหลือปิดบัญชีหรือว่าเป็นผ่อนห้าร้อยบาทอ่ะคะ,21.45,28.95,\\192.168.1.70\Data1\Logger\ACU\ACSS_COLLECTION\20171000_ACSS_P1/2017-10-02/span02-13-10213001506913458-81.wav
แต่ถ้าเกิดว่าไม่สะดวกยอดทั้งหมดหรือว่ายอดปิดบัญชี นะฮะ,213.31,217.03,\\192.168.1.70\Data1\Logger\ACU\ACSS_COLLECTION\20171000_ACSS_P1/2017-10-03/span03-28-60328001507007543-28.wav
แต่ว่าคือ ยังไงเดี๋ยวจะปิดบัญชี รอบหลังเนี่ยก็ว่ากันอีกทีนึง,480.47,484.67,\\192.168.1.70\Data1\Logger\ACU\ACSS_COLLECTION\20171000_ACSS_P1/2017-10-03/span05-04-10504001507022736-78.wav
ค่ะแล้วในอนาคตข้างหน้าลูกค้ามีโครงการที่อยากจะปิดบัญชีมั้ยอ่ะคะ,84.35,88.55,\\192.168.1.70\Data1\Logger\ACU\ACSS_COLLECTION\20171000_ACSS_P1/2017-10-03/span02-22-10222001507003576-10.wav
อ่ะ สักครู่นะคะ %agent% รบกวนสอบถามนิดนึงในส่วนของการปิดบัญชีตรงนี้ลูกค้าจะได้ไปทำธุรกรรมที่อื่นไหมหรือว่ายังไง,56.22,63.4,\\192.168.1.70\Data1\Logger\ACU\ACSS_COLLECTION\20171000_ACSS_P1/2017-10-03/span01-22-60122001507007125-76.wav
พอจะปิดบัญชีได้มั้ยคะ สัญญาตัวนี้,39.42,41.45,\\192.168.1.70\Data1\Logger\ACU\ACSS_COLLECTION\20171000_ACSS_P1/2017-10-03/span03-05-60305001507010905-40.wav
ใช่ ลูกค้า ใช่ ลูกค้า ถ้าเกิด ณ ตอนปิดบัญชี ลูกค้าก็ต้องเคลียร์เบี้ยปรับอยู่แล้ว แต่ตัวนี้ก็คืออย่างที่แจ้งเนาะ,94.52,100.66,\\192.168.1.70\Data1\Logger\ACU\ACSS_COLLECTION\20171000_ACSS_P1/2017-10-03/span01-14-60114001507012572-116.wav
ตรงนี้ดิฉันเห็นลูกค้าติดต่อเข้าไปสอบถาม เป็นยอดปิดวันที่ ยี่สิบเก้าไว้อ่ะค่ะ ลูกค้าจะปิดบัญชีหรือว่ายังไงอ่ะคะ,18.84,25.77,\\192.168.1.70\Data1\Logger\ACU\ACSS_COLLECTION\20171000_ACSS_P1/2017-10-03/span02-10-60210001507000401-214.wav
แล้วก็ตรงนี้อ่ะผ่อนจ่ายไปก่อนได้มั้ยคะ ถ้าปิดบัญชีไม่ได้,51.19,54.88,\\192.168.1.70\Data1\Logger\ACU\ACSS_COLLECTION\20171000_ACSS_P1/2017-10-03/span03-23-30323001507022216-199.wav
วันนี้ที่มีการนัดชำระปิดบัญชีน่ะค่ะพอดี %agent% ยังไม่เห็นยอดดำเนินการไม่ทราบว่าชำระรึยัง,13.97,20.08,\\192.168.1.70\Data1\Logger\ACU\ACSS_COLLECTION\20171000_ACSS_P1/2017-10-03/span10-12-31012001506999743-30.wav
แล้วจริงจริงไอ้ตัวเลขที่ปิด ปิดบัญชีตัวนี้ ตอนนี้ยอดมันเท่าไหร่อ่ะ,95.64,99.16,\\192.168.1.70\Data1\Logger\ACU\ACSS_COLLECTION\20171000_ACSS_P1/2017-10-02/span04-24-30424001506917578-37.wav
ค่ะ ก็คือตัดในส่วนของปิดบัญชีหนึ่งหนึ่งหนึ่ง หนึ่งบัญชีนะคะ เป็นในส่วนของสัญญาเงินกู้ และในส่วนที่เหลือก็คือเข้าไปในส่วนค่างวดปกติ,26.12,33.47,\\192.168.1.70\Data1\Logger\ACU\ACSS_COLLECTION\20171000_ACSS_P1/2017-10-02/span04-12-30412001506932927-18.wav
ไม่ใช่อ่ะค่ะ ลูกค้า ก็คือยอดตรงนี้อ่ะค่ะ สองพันเจ็ดร้อยบาทเนี่ยค่ะ คือทำการชำระปิดบัญชีเรียบร้อยแล้วนะคะ,94.5,103.45,\\192.168.1.70\Data1\Logger\ACU\ACSS_COLLECTION\20171000_ACSS_P1/2017-10-02/span04-12-30412001506932927-18.wav
คืออิออนเค้าจะออกเป็นหนังสือปิดบัญชีให้,178.32,180.7,\\192.168.1.70\Data1\Logger\ACU\ACSS_COLLECTION\20171000_ACSS_P1/2017-10-02/span02-24-10224001506934242-43.wav
แล้วต้องเร่งใช้ในส่วนของตัวข้อมูลอ่ะค่ะ เราก็จะแนะนำว่าให้ลูกค้าเนี่ยเคลียร์ในส่วนของตัวยอดเต็ม เพื่อขอหนังสือปิดบัญชีกับทางบริษัทอิออนน่ะค่ะ,170.95,178.3,\\192.168.1.70\Data1\Logger\ACU\ACSS_COLLECTION\20171000_ACSS_P1/2017-10-02/span02-24-10224001506934242-43.wav
อันนี้เดือนนี้พอที่จะปิดบัญชีได้มั้ยคะลูกค้า พอดีทางธนาคารต้องการข้อยุติกับลูกค้าอ่ะค่ะ,15.6,20.83,\\192.168.1.70\Data1\Logger\ACU\ACSS_COLLECTION\20171000_ACSS_P1/2017-10-03/span05-08-10508001507021314-135.wav
แจ้งเขาว่า อ่าจะติดต่อปิดบัญชี ที่ไม่ใช่สัญญา tv เพราะว่าสัญญา tv ได้คุยกับทางเจ้าหน้าที่ไว้แล้ว,85.07,92.42,\\192.168.1.70\Data1\Logger\ACU\ACSS_COLLECTION\20171000_ACSS_P1/2017-10-03/span03-10-60310001507008299-155.wav
เพื่อ อ่าให้ปิดบัญชี แต่ตรงนี้ได้เงินเป็นวันที่สิบห้าเลยเหรอคะลูกค้า,24.3,29.3,\\192.168.1.70\Data1\Logger\ACU\ACSS_COLLECTION\20171000_ACSS_P1/2017-10-03/span03-10-60310001507008299-155.wav
เจ้าหน้าที่จะได้ส่งปิดบัญชีให้ จ้ะ ขอบคุณมากค่ะ สวัสดีค่ะ,37.66,41.35,\\192.168.1.70\Data1\Logger\ACU\ACSS_COLLECTION\20171000_ACSS_P1/2017-10-03/span01-14-60114001507012462-81.wav
ยังใช่มั้ย %lh% เพราะว่าตรงนี้ถ้าหากว่าอ่า เป็นงวดไรอย่างเงี้ย มันมันก็พอมีอยู่ หมายถึงว่าส่วนลดปิดบัญชีแล้วก็แบ่งจ่ายเป็นงวดเอา,155.35,163.86,\\192.168.1.70\Data1\Logger\ACU\ACSS_COLLECTION\20171000_ACSS_P1/2017-10-03/span02-10-10210001507013950-74.wav
อิออน อือ ค่ะ รอดูโบนัสออกมั้ย เพราะว่าถ้าปิดบัญชีตรงเนี้ยมันจะมีส่วนลด,143.05,148.76,\\192.168.1.70\Data1\Logger\ACU\ACSS_COLLECTION\20171000_ACSS_P1/2017-10-03/span02-10-10210001507013950-74.wav
ให้ให้ลูกค้าหาเงินเข้ามาปิดบัญชีในยอดหนึ่งหมื่นห้าพันบาทก็คือปิดบัญชีจบเลย,233.94,240.1,\\192.168.1.70\Data1\Logger\ACU\ACSS_COLLECTION\20171000_ACSS_P1/2017-10-03/span12-09-31209001507013685-87.wav
อ่าส่วนลด คุณจะต้องปิดบัญชีอยู่ที่ หนึ่งหมื่นเก้าพันหกร้อยบาท ซึ่งหนึ่งหมื่นเก้าพันหกร้อยตรงเนี้ยค่ะ คุณไม่จำเป็นจะต้องชำระภายในครั้งเดียว,106.65,114.95,\\192.168.1.70\Data1\Logger\ACU\ACSS_COLLECTION\20171000_ACSS_P1/2017-10-03/span04-21-30421001507015676-212.wav
ก็คือเป็นการปิดบัญชี แต่การผ่อนถือเป็นการช่วยเหลือ,106.47,110.35,\\192.168.1.70\Data1\Logger\ACU\ACSS_COLLECTION\20171000_ACSS_P1/2017-10-03/span03-01-60301001507004597-222.wav
ถ้าอย่างงั้น confirm ตามนี้นะคุณพี่ ก็คือขอเป็น clear ปิดบัญชีนะ,318.44,322.41,\\192.168.1.70\Data1\Logger\ACU\ACSS_COLLECTION\20171000_ACSS_P1/2017-10-03/span02-19-10219001507009670-121.wav
ก็ %agent% จะต้องทำเรื่องส่งธนาคารทิสโก้ว่า โอเคลูกค้าเค้าจะ clear ยอด %?% หนูขออนุญาตใช้คำว่าปิดบัญชีเนาะ ปิดบัญชีแต่ว่าเค้าเรียกว่าค้างสองงวด ไม่ให้อัตราดอกเบี้ย,93.47,102.32,\\192.168.1.70\Data1\Logger\ACU\ACSS_COLLECTION\20171000_ACSS_P1/2017-10-03/span02-19-10219001507009670-121.wav
แต่ของคุณพี่เค้าเรียกว่าผ่อนชำระปิดบัญชี,212.12,215.1,\\192.168.1.70\Data1\Logger\ACU\ACSS_COLLECTION\20171000_ACSS_P1/2017-10-03/span02-19-10219001507009670-121.wav
แต่ถ้าเกิดลูกค้ายังไม่พร้อมปิดบัญชีในยอด เอ่อ บัตร,112.29,115.07,\\192.168.1.70\Data1\Logger\ACU\ACSS_COLLECTION\20171000_ACSS_P1/2017-10-03/span12-29-31229001507004013-200.wav
ลูกค้าสามารถปิดบัญชีได้อยู่ที่ หกพันหนึ่งร้อยบาท ก็คือปิดจบไปเลย ในสัญญาแรก,106.82,111.96,\\192.168.1.70\Data1\Logger\ACU\ACSS_COLLECTION\20171000_ACSS_P1/2017-10-03/span12-29-31229001507004013-200.wav
แต่ถ้าผมเสนอปิดบัญชีให้อ่ะ พี่จะปิดไหม,54.62,57.25,\\192.168.1.70\Data1\Logger\ACU\ACSS_COLLECTION\20171000_ACSS_P1/2017-10-03/span01-18-30118001507006741-215.wav
เอ่อ ให้ยอดมันลดลงน่ะค่ะ แล้วก็ได้ส่วนลดน่ะค่ะ ในการปิดบัญชีทีละสัญญาน่ะค่ะ คุณลูกค้า,71.85,77.92,\\192.168.1.70\Data1\Logger\ACU\ACSS_COLLECTION\20171000_ACSS_P1/2017-10-03/span12-29-31229001507004013-200.wav
แต่ถ้าปิดบัญชียอดส่วนลด ก็จะได้ส่วนลดไปก็คือ หกร้อยกว่าบาท,124.74,128.77,\\192.168.1.70\Data1\Logger\ACU\ACSS_COLLECTION\20171000_ACSS_P1/2017-10-03/span01-09-30109001507012271-135.wav
ให้คุณจ่ายปิดมาเลย ก็คือไม่ได้หมายถึงปิดบัญชีนะ หมายถึงว่าปิดยอดที่ว่ามีการค้างชำระอยู่อ่ะค่ะ,256.08,261.83,\\192.168.1.70\Data1\Logger\ACU\ACSS_COLLECTION\20171000_ACSS_P1/2017-10-03/span01-04-60104001507019406-59.wav
อ่าได้ แต่ถ้าไม่ได้กรณีปิดบัญชีก็คือ ผ่อนชำระได้ แต่ว่าถ้าผ่อนชำระ เราก็ต้องผ่อนในยอดเต็ม,118.12,124.52,\\192.168.1.70\Data1\Logger\ACU\ACSS_COLLECTION\20171000_ACSS_P1/2017-10-03/span01-09-30109001507012271-135.wav
ก็คือจากยอดเต็ม สามพันหกร้อยห้าสิบเก้าบาท หกสิบ %(กะ)% หกสิบเก้าสตางค์ ถ้ากรณีปิดบัญชีจะเหลืออยู่ที่,68.55,76.46,\\192.168.1.70\Data1\Logger\ACU\ACSS_COLLECTION\20171000_ACSS_P1/2017-10-03/span01-09-30109001507012271-135.wav
แต่ตอนเนี้ย ถ้ากรณีปิดบัญชีอ่ะ มันจะมีโครงการส่วนลดช่วยเหลืออ่ะค่ะ ไม่ทราบว่าคุณลูกค้าสนใจไหมคะ,61.15,67.08,\\192.168.1.70\Data1\Logger\ACU\ACSS_COLLECTION\20171000_ACSS_P1/2017-10-03/span01-09-30109001507012271-135.wav
ถ้าได้นี่เป็นกรณี อ่า ผ่อนชำระต่อหรือว่าปิดบัญชีได้เลยคะ,52.85,56.94,\\192.168.1.70\Data1\Logger\ACU\ACSS_COLLECTION\20171000_ACSS_P1/2017-10-03/span01-09-30109001507012271-135.wav
ในส่วนตรงเนี้ย คุณลูกค้าสามารถปิดบัญชีหรือว่าทำการประนอมหนี้ผ่อนชำระต่อได้ไหม,44.05,48.95,\\192.168.1.70\Data1\Logger\ACU\ACSS_COLLECTION\20171000_ACSS_P1/2017-10-03/span01-09-30109001507012271-135.wav
ว่าถ้าปิดบัญชียังไง อะไรอย่างเงี้ย แต่ว่าไม่เคย ไม่เคยพูดว่าจะปิดบัญชี,86.58,91.94,\\192.168.1.70\Data1\Logger\ACU\ACSS_COLLECTION\20171000_ACSS_P1/2017-10-03/span01-04-60104001507019406-59.wav
ก็ยังไม่ได้บอกว่าจะปิดบัญชีอ่ะค่ะ ยังไม่เคยพูด แค่สอบถามเฉยเฉย,81.49,86.31,\\192.168.1.70\Data1\Logger\ACU\ACSS_COLLECTION\20171000_ACSS_P1/2017-10-03/span01-04-60104001507019406-59.wav
ถ้าสมมติว่า ท่านจะปิดบัญชี ผมจะให้ปิด,136.29,138.69,\\192.168.1.70\Data1\Logger\ACU\ACSS_COLLECTION\20171000_ACSS_P1/2017-10-03/span02-03-10203001507008818-15.wav
เพราะว่าก่อนหน้านี้เห็นแจ้งไว้ว่าจะปิดบัญชีใช่มั้ยคะ,70.55,73.6,\\192.168.1.70\Data1\Logger\ACU\ACSS_COLLECTION\20171000_ACSS_P1/2017-10-03/span01-04-60104001507019406-59.wav
ถ้าลูกค้าสนใจปิดบัญชี ยอดจะอยู่ที่แปดพันสี่ร้อยบาทค่ะ,58.79,62.13,\\192.168.1.70\Data1\Logger\ACU\ACSS_COLLECTION\20171000_ACSS_P1/2017-10-03/span03-17-30317001507004032-215.wav
ค่ะ ตรงนี้ลูกค้า ค่ะ ตรงนี้ลูกค้าพอจะ ทำทำยังไงได้บ้างคะ หรือว่าปิดบัญชีได้ไหม,43.32,48.4,\\192.168.1.70\Data1\Logger\ACU\ACSS_COLLECTION\20171000_ACSS_P1/2017-10-03/span03-17-30317001507004032-215.wav
สามารถไปเคลียร์ในส่วนวันปิดบัญชีได้ ก็คือของลูกค้า ณ วันนี้อยู่ที่สี่พันเจ็ดร้อยยี่สิบห้า,100.19,106.42,\\192.168.1.70\Data1\Logger\ACU\ACSS_COLLECTION\20171000_ACSS_P1/2017-10-03/span12-28-11228001507004498-221.wav
เพราะว่าตรงเนี้ยเรา เราไม่สามารถแจ้งยอดปิดบัญชีได้ เพราะว่าเรายังไม่ได้ขอส่วนลดให้,330.71,335.38,\\192.168.1.70\Data1\Logger\ACU\ACSS_COLLECTION\20171000_ACSS_P1/2017-10-03/span02-08-10208001507000940-32.wav
ขอส่วนลดปิดบัญชี แต่ว่าตรงนี้พี่ต้องไปคุยกับเขาก่อน,327.06,330.72,\\192.168.1.70\Data1\Logger\ACU\ACSS_COLLECTION\20171000_ACSS_P1/2017-10-03/span02-08-10208001507000940-32.wav
ถ้าจะขอหนึ่งงวดก่อนได้ไหมคะ แล้วถ้าลูกค้าวันที่ห้าจ่ายเพิ่มได้ เดี๋ยว %agent% จะดูเรื่องส่วนลดปิดบัญชีให้,82.25,88.22,\\192.168.1.70\Data1\Logger\ACU\ACSS_COLLECTION\20171000_ACSS_P1/2017-10-03/span02-06-10206001507008028-138.wav
คือหมายถึงจะ จะปิดบัญชีหมดเลยหรอคะ,56.3,58.93,\\192.168.1.70\Data1\Logger\ACU\ACSS_COLLECTION\20171000_ACSS_P1/2017-10-03/span02-06-10206001507008028-138.wav
อ่าถ้าเกิดกรณีมีในส่วนของอ่าการปิดบัญชีนะครับ เราก็ยัง ยังมีส่วนลดให้อยู่นะครับ ก็สามารถสอบถามได้นะครับผม,35.05,41.41,\\192.168.1.70\Data1\Logger\ACU\ACSS_COLLECTION\20171000_ACSS_P1/2017-10-03/span03-21-30321001506999680-118.wav
จ้ะ เมื่อไหร่จะปิดบัญชีจ๊ะ,27.44,29.52,\\192.168.1.70\Data1\Logger\ACU\ACSS_COLLECTION\20171000_ACSS_P1/2017-10-03/span02-20-60220001507022212-165.wav
ไม่ไม่ ไม่ใช่ ยอดที่จะปิดบัญชีใช่ไหมคะ,23.19,25.53,\\192.168.1.70\Data1\Logger\ACU\ACSS_COLLECTION\20171000_ACSS_P1/2017-10-03/span04-20-60420001507003331-78.wav
และขอหนังสือปิดบัญชีอิออนนะครับ,136.91,139.55,\\192.168.1.70\Data1\Logger\ACU\ACSS_COLLECTION\20171000_ACSS_P1/2017-10-03/span02-12-60212001507021418-178.wav
ขอส่วนลด และขอหนังสือปิดบัญชีอิออนและก็เขียนที่อยู่มาให้ชัดเจนนะครับ บ้านเลขที่และก็,140.75,145.51,\\192.168.1.70\Data1\Logger\ACU\ACSS_COLLECTION\20171000_ACSS_P1/2017-10-03/span02-12-60212001507021418-178.wav
นัดชำระในส่วนของตัวปิดบัญชี กับ %agent% ไว้น่ะค่ะ,22.22,25.71,\\192.168.1.70\Data1\Logger\ACU\ACSS_COLLECTION\20171000_ACSS_P1/2017-10-03/span12-19-31219001507007004-102.wav
อ่า ได้ได้ ค่ะ เพราะว่า %agent% จะได้เตรียมบัตร ปิดบัญชีตัวนี้ให้น่ะค่ะ,48.94,52.97,\\192.168.1.70\Data1\Logger\ACU\ACSS_COLLECTION\20171000_ACSS_P1/2017-10-03/span12-19-31219001507007004-102.wav
เอ่อ ขอในตัวหนังสือรับรองการปิดบัญชีด่วนให้นะ,113.7,117.67,\\192.168.1.70\Data1\Logger\ACU\ACSS_COLLECTION\20171000_ACSS_P1/2017-10-03/span12-17-31217001507017960-111.wav
เขียนเขียนบนหัวกระดาษนะคะ หัวหัวบัตรประชาชนนะเขียนว่าขอหนังสือรับรองการปิดบัญชีนะคะ,37.92,43.88,\\192.168.1.70\Data1\Logger\ACU\ACSS_COLLECTION\20171000_ACSS_P1/2017-10-03/span03-13-60313001507000819-84.wav
แต่ว่าเขียนเพิ่มมานิดนึง เป็นที่อยู่ที่รับเอกสารกับคำว่าขอหนังสือรับรองการปิดบัญชีแค่นั้น,28.95,35.78,\\192.168.1.70\Data1\Logger\ACU\ACSS_COLLECTION\20171000_ACSS_P1/2017-10-03/span03-13-60313001507000819-84.wav
เจ็ดสิบบาทค่ะ แต่ถ้าลูกค้าจะทำการปิดบัญชีอ่ะค่ะ เวลาจะปิดบัญชีมันสามารถตัดในส่วนของตัวเบี้ยปรับออกได้ นะคะ,90.6,98.2,\\192.168.1.70\Data1\Logger\ACU\ACSS_COLLECTION\20171000_ACSS_P1/2017-10-02/span01-24-60124001506913814-118.wav
ยอดในการปิดบัญชี ตัวที่สองเจ็ดพันสองร้อยยี่สิบเก้าบาท ส่วนลดปิดบัญชีอยู่ที่ห้าพันห้าร้อยบาท,99.1,108.71,\\192.168.1.70\Data1\Logger\ACU\ACSS_COLLECTION\20171000_ACSS_P1/2017-10-03/span01-22-60122001507012273-34.wav
ยัง เดี๋ยวดิฉันดูให้นะ ตัวเลขหนึ่งหมื่นห้าพันสองร้อยสิบบาท ส่วนลดของลูกค้าอยู่ที่ ปิดบัญชีนะ หนึ่งหมื่นหนึ่งพันห้าร้อยบาท,87.8,97.93,\\192.168.1.70\Data1\Logger\ACU\ACSS_COLLECTION\20171000_ACSS_P1/2017-10-03/span01-22-60122001507012273-34.wav
ค่ะ %agent% ค่ะ ติดต่อจากเอซีเอสได้รับมอบอำนาจจากธนาคารไทยพาณิชย์น่ะจ้ะ ตรงนี้คุณ %name% เป็นไงบ้าง เดือนนี้พอจะปิดบัญชีได้มั้ยคะ พอไหวมั้ย,7.18,15.48,\\192.168.1.70\Data1\Logger\ACU\ACSS_COLLECTION\20171000_ACSS_P1/2017-10-03/span02-24-10224001507022486-12.wav
ยังไม่มียอดปิดบัญชีเข้าไปเลยเหรอ,43.36,45.37,\\192.168.1.70\Data1\Logger\ACU\ACSS_COLLECTION\20171000_ACSS_P1/2017-10-03/span04-25-60425001507019361-40.wav
%ยี่ สิบ สาม [ยีบสาม]% เดือนที่แล้ว ใช่พี่เป็นพี่ ก็พี่ติดต่อถามยอดปิดบัญชี แล้วแล้วพี่ก็ขายไปแล้ว แล้วพี่ก็เซ็นโอนลอยให้เค้าไปหมดแล้วด้วย,56.4,63.3,\\192.168.1.70\Data1\Logger\ACU\ACSS_COLLECTION\20171000_ACSS_P1/2017-10-03/span04-25-60425001507019361-40.wav
เมื่อวานน่ะค่ะที่ %agent% ติดต่อไปอ่ะค่ะ เกี่ยวกับอ่าค่างวดรถวีออสอ่ะค่ะลูกค้า ที่ลูกค้าแจ้งมาว่าปิดบัญชีไปแล้วอ่ะค่ะ จำได้มั้ย,10.79,18.5,\\192.168.1.70\Data1\Logger\ACU\ACSS_COLLECTION\20171000_ACSS_P1/2017-10-03/span04-25-60425001507019361-40.wav
อ๋อแต่ว่าตอนเนี้ยค่ะ คือยังไม่มียอดปิดบัญชีเข้ามาอ่ะค่ะลูกค้า,27.87,31.92,\\192.168.1.70\Data1\Logger\ACU\ACSS_COLLECTION\20171000_ACSS_P1/2017-10-03/span04-25-60425001507019361-40.wav
ค่ะอ่า ปิดบัญชีเนี่ยคือลูกค้าเป็นคนไปปิดเองเหรอคะ หรือว่ายังไง,19.18,23.1,\\192.168.1.70\Data1\Logger\ACU\ACSS_COLLECTION\20171000_ACSS_P1/2017-10-03/span04-25-60425001507019361-40.wav
ค่ะ %agent% ได้รับในส่วนของเอกสารเรียบร้อยนะคะแต่ว่ายังไงเดี๋ยว %agent% จะส่งขอในส่วนของหนังสือรับรองการปิดบัญชีให้ประมาณสี่สิบห้าวันทำการนะคะ,14.36,23.94,\\192.168.1.70\Data1\Logger\ACU\ACSS_COLLECTION\20171000_ACSS_P1/2017-10-03/span09-17-30917001507017023-53.wav
อ่าตรงนี้คือถ้าปิดบัญชีอยู่ที่ยอดแปดพันบาทถ้วนนะครับตรงนี้,34.79,38.89,\\192.168.1.70\Data1\Logger\ACU\ACSS_COLLECTION\20171000_ACSS_P1/2017-10-03/span11-09-31109001507013552-54.wav
ถ้าเกิดตรงนี้เป็นยอดส่วนลดปิดบัญชีนะครับจากยอดทั้งหมด,26.42,29.99,\\192.168.1.70\Data1\Logger\ACU\ACSS_COLLECTION\20171000_ACSS_P1/2017-10-03/span11-09-31109001507013552-54.wav
อ่าถ้าลูกค้าถ้าลูกค้ายังไม่สะดวกจะปิดบัญชีก็หาสำรองจ่ายตรงส่วนที่เขาเร่งตัดบัญชีเข้ามาก่อนนะคะ แล้วก็แจ้งยอด,122.18,131.38,\\192.168.1.70\Data1\Logger\ACU\ACSS_COLLECTION\20171000_ACSS_P1/2017-10-03/span02-10-60210001507000659-48.wav
ก็คุณต้องปิดบัญชีแล้วก็ประมาณเร็วสุดน่าจะไม่เกินสิบภายในสิบห้าวันอ่ะค่ะหรือว่าทางลูกค้าต้องติดต่อเจรจากับทางสำนักงานโตโยต้าลีสซิ่งเขาอีกทีอ่ะค่ะ,42.29,54.44,\\192.168.1.70\Data1\Logger\ACU\ACSS_COLLECTION\20171000_ACSS_P1/2017-10-03/span02-10-60210001507000659-48.wav
ทางอ่าเห็นทางคุณตรวจสอบยอดปิดบัญชีไม่ทราบว่าลูกค้าทำกรปิดบัญชีไหมคะ,27.03,34.18,\\192.168.1.70\Data1\Logger\ACU\ACSS_COLLECTION\20171000_ACSS_P1/2017-10-03/span02-10-60210001507000659-48.wav
อ๋อ พอดีว่าจะปิดบัญชีพรุ่งเนี้ยค่ะ,21.2,25.62,\\192.168.1.70\Data1\Logger\ACU\ACSS_COLLECTION\20171000_ACSS_P1/2017-10-03/span11-06-31106001507015661-217.wav
ก็ในส่วนของยอดปิดบัญชีนะครับผม ในส่วนตรงนี้คือของคุณพี่จะได้ปิดอยู่ที่,31.94,37.19,\\192.168.1.70\Data1\Logger\ACU\ACSS_COLLECTION\20171000_ACSS_P1/2017-10-03/span11-06-31106001507015661-217.wav
อ๋อคือ สามารถดำเนินการปิดบัญชีได้เลยหรอครับคุณพี่,25.94,29.65,\\192.168.1.70\Data1\Logger\ACU\ACSS_COLLECTION\20171000_ACSS_P1/2017-10-03/span11-06-31106001507015661-217.wav
จ้ะ คุณ %name% จะปิดบัญชีค่างวดหรอคะ หรือว่ายังไงเอ่ย,17.55,22.28,\\192.168.1.70\Data1\Logger\ACU\ACSS_COLLECTION\20171000_ACSS_P1/2017-10-03/span01-19-60119001507018782-108.wav
เรา เราตามหลายรอบเลยนะ ไอ้ตัวปิดบัญชีนี่,462.18,465.25,\\192.168.1.70\Data1\Logger\ACU\ACSS_COLLECTION\20171000_ACSS_P1/2017-10-03/span04-05-10405001507021815-205.wav
รอปิดบัญชี ก็ให้เสนอแบบปิดบัญชีมาก็ไม่มี,458.48,462.05,\\192.168.1.70\Data1\Logger\ACU\ACSS_COLLECTION\20171000_ACSS_P1/2017-10-03/span04-05-10405001507021815-205.wav
สำหรับลูกค้าที่ต้องการจะปิดบัญชี ก็เลยเสนอส่วนลดไป อาจจะลดให้ประมาณ,299.79,303.67,\\192.168.1.70\Data1\Logger\ACU\ACSS_COLLECTION\20171000_ACSS_P1/2017-10-03/span04-05-10405001507021815-205.wav
ครับ ใช่ครับผม คือตรง ตรงนั้นเนี่ย มันเป็นโครงการปิดบัญชี,295.98,299.75,\\192.168.1.70\Data1\Logger\ACU\ACSS_COLLECTION\20171000_ACSS_P1/2017-10-03/span04-05-10405001507021815-205.wav
ตรงนั้นเป็นโครงการปิดบัญชี แต่ว่า,269.68,272.32,\\192.168.1.70\Data1\Logger\ACU\ACSS_COLLECTION\20171000_ACSS_P1/2017-10-03/span04-05-10405001507021815-205.wav
ถ้ายังไงคุณ %name% จะ อ่ะปิดบัญชีก่อนยังไงก็คือติดต่อแจ้งอีกที แต่ว่า,135.35,140.26,\\192.168.1.70\Data1\Logger\ACU\ACSS_COLLECTION\20171000_ACSS_P1/2017-10-03/span02-30-60230001507022622-58.wav
ก็คือว่า ปิดบัญชีไป โดยใช้โครงการส่วนลดทำการช่วยเหลือ,221.29,225.21,\\192.168.1.70\Data1\Logger\ACU\ACSS_COLLECTION\20171000_ACSS_P1/2017-10-03/span01-20-30120001507003935-101.wav
มีการนัดกับเจ้าที่ไว้น่ะครับ ว่าจะดำเนินการปิดบัญชีที่ยอดหนึ่งหมื่นสองพันบาทน่ะครับ,15.81,19.99,\\192.168.1.70\Data1\Logger\ACU\ACSS_COLLECTION\20171000_ACSS_P1/2017-10-03/span12-13-31213001507020784-88.wav
นะคะ จนจบหนี้ในส่วนของการปรับปรุงโครงสร้าง เมื่อไหร่นะคะที่ลูกค้าจะปิดบัญชีก็ติดต่อเข้ามาเจรจาขอส่วนลดกับคุณ %agent% ได้ ถ้าในส่วนของเดือนนี้ไม่ทันนะคะ,139.68,151.01,\\192.168.1.70\Data1\Logger\ACU\ACSS_COLLECTION\20171000_ACSS_P1/2017-10-03/span06-05-10605001507008936-85.wav
เพื่อทำการแนะนำลูกค้าปิดบัญชีจบหนี้เป็นศูนย์ clear สถานะจากอ่ายอดหนี้ลูกค้าน่ะค่ะ,72.7,78.83,\\192.168.1.70\Data1\Logger\ACU\ACSS_COLLECTION\20171000_ACSS_P1/2017-10-03/span06-05-10605001507008936-85.wav
อ่า ในส่วนของเบื้องต้น ถ้าลูกค้ามองแล้วว่าลูกค้าไม่สามารถทำการปิดบัญชี หรือว่าทำการจบหนี้เป็นในส่วนของเงินก้อนได้,83.54,93.25,\\192.168.1.70\Data1\Logger\ACU\ACSS_COLLECTION\20171000_ACSS_P1/2017-10-03/span06-05-10605001507008936-85.wav
แต่ว่าลูกค้าพอจะสะดวกปิดบัญชีมั้ย เดี๋ยว %agent% ให้เป็นในส่วนของตัวส่วนลดให้ ในส่วนของตัวนี้จะอยู่ที่หนึ่งพันสองร้อยบาท,32.36,38.9,\\192.168.1.70\Data1\Logger\ACU\ACSS_COLLECTION\20171000_ACSS_P1/2017-10-03/span02-17-10217001507007964-122.wav
ยอดปิดบัญชี,50.29,51.85,\\192.168.1.70\Data1\Logger\ACU\ACSS_COLLECTION\20171000_ACSS_P1/2017-10-03/span02-17-10217001507007964-122.wav
ใช่ ปิดบัญชีก็คือปิดจบไปเลย หนึ่งสัญญาตัวนี้,51.57,54.72,\\192.168.1.70\Data1\Logger\ACU\ACSS_COLLECTION\20171000_ACSS_P1/2017-10-03/span02-17-10217001507007964-122.wav
อันนี้ก็คือเป็นในส่วนของตัวยอดหนึ่งพันหกร้อยบาทเลยค่ะ ถ้าลูกค้าสะดวกเป็นวันนี้ ยอดปิดบัญชีเลย,43.8,49.8,\\192.168.1.70\Data1\Logger\ACU\ACSS_COLLECTION\20171000_ACSS_P1/2017-10-03/span02-17-10217001507007964-122.wav
ดิฉันจะให้ลูกค้าเงื่อนไขเดิมนะคะ ถ้าลูกค้าปิดบัญชีไม่ได้,82.33,86.04,\\192.168.1.70\Data1\Logger\ACU\ACSS_COLLECTION\20171000_ACSS_P1/2017-10-02/span05-25-10525001506928364-156.wav
ตรงนี้ธนาคารรบกวนมีเงื่อนไขส่วนลดพิเศษให้กับลูกค้า เพื่อทำการแนะนำปิดบัญชี,28.38,34.37,\\192.168.1.70\Data1\Logger\ACU\ACSS_COLLECTION\20171000_ACSS_P1/2017-10-02/span05-25-10525001506928364-156.wav
โอเค ลูกค้าลูกค้ามีการปิดบัญชี %(มิ)% มีการโอนย้ายกรรมสิทธิ์อะไรเรียบร้อยแล้วใช่มั้ย,103.4,108.73,\\192.168.1.70\Data1\Logger\ACU\ACSS_COLLECTION\20171000_ACSS_P1/2017-10-03/span05-04-10504001507023915-228.wav
ใส่ข้อมูลไว้นะ ว่าลูกค้ามีการ %(ปะ)% ปิดบัญชีแล้วนะคะ ถ้ายังไงต้องขอประทานโทษลูกค้าด้วยนะคะ,65.35,70.9,\\192.168.1.70\Data1\Logger\ACU\ACSS_COLLECTION\20171000_ACSS_P1/2017-10-03/span05-04-10504001507023915-228.wav
อ่ะครับ ยอดปิดบัญชีเลยตัวนี้,69.84,71.97,\\192.168.1.70\Data1\Logger\ACU\ACSS_COLLECTION\20171000_ACSS_P1/2017-10-03/span02-14-10214001507015803-186.wav
%(แถ)% ถ้าเกิดจะปิดบัญชีก็ เดือนนี้นะครับ เดี๋ยวสักครู่นึงนะ,56.37,60.3,\\192.168.1.70\Data1\Logger\ACU\ACSS_COLLECTION\20171000_ACSS_P1/2017-10-03/span02-14-10214001507015803-186.wav
เห็นว่าวันนี้จะปิด %(บัญ)% ของเดือนนี้จะปิดบัญชีนะครับ,16.15,19.45,\\192.168.1.70\Data1\Logger\ACU\ACSS_COLLECTION\20171000_ACSS_P1/2017-10-03/span02-14-10214001507015803-186.wav
อ๋อยังค่ะ แต่ว่าอันนี้คือ อ่าพอดีว่าจะปิดบัญชีอ่ะค่ะ,23.45,29.04,\\192.168.1.70\Data1\Logger\ACU\ACSS_COLLECTION\20171000_ACSS_P1/2017-10-03/span03-22-30322001507012958-209.wav
ตรงนี้เดี๋ยว %agent% ทำเรื่องการออกหนังสือปิดให้นะคะเพื่อยืนยันในการปิดบัญชีของคุณ,213.65,219.57,\\192.168.1.70\Data1\Logger\ACU\ACSS_COLLECTION\20171000_ACSS_P1/2017-10-03/span05-20-10520001507012481-107.wav
ในส่วนเบี้ยปรับรายวันของลูกค้า คือมันสามารถเอาไปชำระตอนปิดบัญชีทีเดียวเลยก็ได้ หรือว่าลูกค้าจะแบ่งชำระก็ได้,60.92,67.11,\\192.168.1.70\Data1\Logger\ACU\ACSS_COLLECTION\20171000_ACSS_P1/2017-10-03/span04-01-30401001507000704-25.wav
อ่า จ่ายปิดบัญชีได้ ก็คือไม่ต้องจ่ายดอกเบี้ยอ่ะค่ะ ทางเราก็คือเสนอให้,82.67,87.07,\\192.168.1.70\Data1\Logger\ACU\ACSS_COLLECTION\20171000_ACSS_P1/2017-10-03/span05-05-10505001507024079-49.wav
พอดีว่าตรงเนี้ยค่ะในส่วนของตัวบัญชีของลูกค้าอ่ะค่ะ ตัวเงินต้นมันเหลือไม่เยอะมากแล้ว ตรงนี้ลูกค้าสามารถแบ่งจ่ายเพื่อปิดบัญชีได้มั้ย,15.5,23.34,\\192.168.1.70\Data1\Logger\ACU\ACSS_COLLECTION\20171000_ACSS_P1/2017-10-03/span05-05-10505001507024079-49.wav
ก็คือเค้ายังปิดบัญชีไม่ได้แต่ที่ทาง %agent% ติดต่อแจ้งให้คุณ %name% ทราบเพราะว่าหนึ่ง,121.89,126.63,\\192.168.1.70\Data1\Logger\ACU\ACSS_COLLECTION\20171000_ACSS_P1/2017-10-03/span02-27-10227001507008201-163.wav
ยอดปิดบัญชีก็คือสองพันสามร้อยห้าสิบเอ็ดบาทเก้าสิบเก้าสตางค์,91.83,95.2,\\192.168.1.70\Data1\Logger\ACU\ACSS_COLLECTION\20171000_ACSS_P1/2017-10-03/span01-18-30118001507009044-47.wav
ปิดบัญชีปิดบัญชีคืออะไรคะลูกค้าจะปิดบัญชีหรือว่ายังไงคะ,97.53,101.74,\\192.168.1.70\Data1\Logger\ACU\ACSS_COLLECTION\20171000_ACSS_P1/2017-10-03/span09-26-30926001507020420-126.wav
ก็ว่าปิดบัญชีไง,96.1,97.41,\\192.168.1.70\Data1\Logger\ACU\ACSS_COLLECTION\20171000_ACSS_P1/2017-10-03/span09-26-30926001507020420-126.wav
